IMF MONTHLY DATA - RESERVE BANK OF AUSTRALIA,,,,,,,,,,,,,,,,,,,,,,,,,,,,,,,,,,,,,,,,,,,,,,,,,,,,,,,,,,,,,,,,,,,,,,,,,,,,,,,,,,,,,,,,,,,,,,,,,,,,,,,,,,,
INTERNATIONAL RESERVES AND FOREIGN CURRENCY LIQUIDITY,,,,,,,,,,,,,,,,,,,,,,,,,,,,,,,,,,,,,,,,,,,,,,,,,,,,,,,,,,,,,,,,,,,,,,,,,,,,,,,,,,,,,,,,,,,,,,,,,,,,,,,,,,,
,,,,,,,,,,,,,,,,,,,,,,,,,,,,,,,,,,,,,,,,,,,,,,,,,,,,,,,,,,,,,,,,,,,,,,,,,,,,,,,,,,,,,,,,,,,,,,,,,,,,,,,,,,,
,,,,,,,,,,,,,,,,,,,,,,,,,,,,,,,,,,,,,,,,,,,,,,,,,,,,,,,,,,,,,,,,,,,,,,,,,,,,,,,,,,,,,,,,,,,,,,,,,,,,,,,,,,,
,,,,,,,,,,,,,,,,,,,,,,,,,,,,,,,,,,,,,,,,,,,,,,,,,,,,,,,,,,,,,,,,,,,,,,,,,,,,,,,,,,,,,,,,,,,,,,,,,,,,,,,,,,,
Reporting currency:,Australian Dollar,,,,,,,,,,,,,,,,,,,,,,,,,,,,,,,,,,,,,,,,,,,,,,,,,,,,,,,,,,,,,,,,,,,,,,,,,,,,,,,,,,,,,,,,,,,,,,,,,,,,,,,,,,
Reporting scale:,Million,,,,,,,,,,,,,,,,,,,,,,,,,,,,,,,,,,,,,,,,,,,,,,,,,,,,,,,,,,,,,,,,,,,,,,,,,,,,,,,,,,,,,,,,,,,,,,,,,,,,,,,,,,
,,,,,,,,,,,,,,,,,,,,,,,,,,,,,,,,,,,,,,,,,,,,,,,,,,,,,,,,,,,,,,,,,,,,,,,,,,,,,,,,,,,,,,,,,,,,,,,,,,,,,,,,,,,
,,,,,,,,,,,,,,,,,,,,,,,,,,,,,,,,,,,,,,,,,,,,,,,,,,,,,,,,,,,,,,,,,,,,,,,,,,,,,,,,,,,,,,,,,,,,,,,,,,,,,,,,,,,
,2015,2015,2015,2015,2015,2015,2015,2015,2015,2015,2015,2015,2016,2016,2016,2016,2016,2016,2016,2016,2016,2016,2016,2016,2017,2017,2017,2017,2017,2017,2017,2017,2017,2017,2017,2017,2018,2018,2018,2018,2018,2018,2018,2018,2018,2018,2018,2018,2019,2019,2019,2019,2019,2019,2019,2019,2019,2019,2019,2019,2020,2020,2020,2020,2020,2020,2020,2020,2020,2020,2020,2020,2021,2021,2021,2021,2021,2021,2021,2021,2021,2021,2021,2021,2022,2022,2022,2022,2022,2022,2022,2022,2022,2022,2022,2022,2023,2023,2023,2023,2023,2023,2023,2023,2023,2023,2023
I. Official reserve assets and other foreign currency assets (approximate market value),M1,M2,M3,M4,M5,M6,M7,M8,M9,M10,M11,M12,M1,M2,M3,M4,M5,M6,M7,M8,M9,M10,M11,M12,M1,M2,M3,M4,M5,M6,M7,M8,M9,M10,M11,M12,M1,M2,M3,M4,M5,M6,M7,M8,M9,M10,M11,M12,M1,M2,M3,M4,M5,M6,M7,M8,M9,M10,M11,M12,M1,M2,M3,M4,M5,M6,M7,M8,M9,M10,M11,M12,M1,M2,M3,M4,M5,M6,M7,M8,M9,M10,M11,M12,M1,M2,M3,M4,M5,M6,M7,M8,M9,M10,M11,M12,M1,M2,M3,M4,M05,M06,M07,M08,M09,M10,M11
,2015M1,2015M2,2015M3,2015M4,2015M5,2015M6,2015M7,2015M8,2015M9,2015M10,2015M11,2015M12,2016M1,2016M2,2016M3,2016M4,2016M5,2016M6,2016M7,2016M8,2016M9,2016M10,2016M11,2016M12,2017M1,2017M2,2017M3,2017M4,2017M5,2017M6,2017M7,2017M8,2017M9,2017M10,2017M11,2017M12,2018M1,2018M2,2018M3,2018M4,2018M5,2018M6,2018M7,2018M8,2018M9,2018M10,2018M11,2018M12,2019M1,2019M2,2019M3,2019M4,2019M5,2019M6,2019M7,2019M8,2019M9,2019M10,2019M11,2019M12,2020M1,2020M2,2020M3,2020M4,2020M5,2020M6,2020M7,2020M8,2020M9,2020M10,2020M11,2020M12,2021M1,2021M2,2021M3,2021M4,2021M5,2021M6,2021M7,2021M8,2021M9,2021M10,2021M11,2021M12,2022M1,2022M2,2022M3,2022M4,2022M5,2022M6,2022M7,2022M8,2022M9,2022M10,2022M11,2022M12,2023M1,2023M2,2023M3,2023M4,2023M05,2023M06,2023M07,2023M08,2023M09,2023M10,2023M11
A. Official reserve assets,56618,59931,71285,62484,67901,63157,63100,62396,66596,54922,60178,62582,55154,53400,59424,58655,71050,62422,57885,55775,61639,56396,60965,74036,59181,59572,76124,75329,79964,80036,66685,72189,71920,73953,80697,85350,65342,70780,76550,72752,82465,75790,69102,70975,73681,64038,66029,76331,61319,68492,77092,75668,79098,77470,65279.80421,72210,69038.66167,69415,77516,83844,73303,83597,90562,63226,60813,61508,59952,59671,61558,61581,58730,55839,54829,56364,63224,61535,62126,65134,64408,79066,82142,75966,80837,80816,81106,79456,77014,77499,77339,79942,79080,80573,83575,86291,86777,85445,84478,85011,87543,92398,88871,89415,91030,94876,90414,92146,92171
(1) Foreign currency reserves (in convertible foreign currencies),44652,48172,60040,51194,55924,50977,50797,50201,54448,42210,48076,50899,43007,42574,48649,48143,60212,52797,47837,45424,51511,46072,49787,62662,48744,49594,66120,64857,69280,69005,56377,61457,60892,63167,70045,74099,55003,60607,65997,61459,71713,64369,57296,59179,61481,51760,54112,64334,49131,55622,64309,62825,66774,64527,51519.63801,58021,54583.80895,54954,63069,70922,59234,68868,75953,48083,45345,46644,45632,44921,45653,45913,44568,41714,40665,42089,48427,46591,46218,49617,48457,51025,53019,47665,51806,51579,51208,50293,48484,48415,48831,50003,50855,52046,53887,56251,58286,56797,54212,52482,54193,58517,55605,55673,57191,59266,55349,56553,57173
(a) Securities,43860,47353,58712,50395,55067,50145,49902,49258,50838,41298,47216,48398,42173,41107,44463,44896,57035,44721,43706,39897,37992,37158,42040,41146,38144,43806,54230,56416,51302,48567,39798,44532,34575,38896,45673,33449,37033,44182,37789,46396,50652,40701,39752,37661,31664,29445,31382,30127,30022,32620,33915,38679,45589,35718,30600.02225,38072,27740.15397,33873,41187,34040,37755,44656,47506,30396,28367,30382,30075,29114,29173,29551,28078,21365,25628,27194,32658,31439,31226,34336,33890,36330,36471,33723,36206,35102,35296,34983,33686,34481,35590,35822,37107,38323,39237,42100,44200,41677,40194,38070,38903,42037,41415,42713,42134,45470,41194,42806,43938
of which: issuer headquartered in reporting country but located abroad,0,0,0,0,0,0,0,0,0,0,0,0,0,0,0,0,0,0,0,0,0,0,0,0,0,0,0,0,0,0,0,0,0,0,0,0,,,,,,,,,,,,,,,,,,,,,,,,,,,,,,,,,,,,,,,,,,,,,,,,,,,,,,,,,,,,,,,,,,,,,,,
(b) total currency and deposits with:,792,819,1327,800,858,832,895,943,3610,912,860,2501,834,1467,4187,3247,3177,8076,4131,5527,13519,8915,7747,21516,10600,5789,11890,8441,17978,20438,16580,16925,26317,24271,24372,40650,17970,16425,28208,15063,21061,23668,17545,21517,29816,22314,22730,34207,19110,23001,30394,24147,21184,28809,20919.61576,19949,26843.65498,21081,21883,36882,21479,24213,28447,17687,16978,16262,15558,15807,16480,16363,16490,20349,15037,14895,15769,15152,14992,15281,14567,14695,16548,13942,15600,16477,15911,15310,14798,13934,13240,14182,13749,13723,14651,14152,14086,15120,14018,14412,15290,16480,14190,12960,15057,13796,14155,13747,13236
"(i) other national central banks, BIS and IMF",791,819,1327,800,857,832,894,943,3609,911,859,2501,834,1467,4186,3246,3176,8075,4131,5527,13518,8914,7747,21515,10600,5788,11889,8439,17978,20437,16579,16924,26316,24271,24371,40649,17969,16425,28207,15062,21060,23667,17543,21516,29814,22312,22729,34205,19108,23001,30392,24145,21182,28806,20916.05365,19945,26839.983,21077,21879,36878,21476,24208,28440,17683,16973,16258,15554,15803,16476,16358,16485,20344,15032,14892,15765,15147,14990,15272,14564,14692,16545,13940,15597,16473,15909,15306,14793,13929,13237,14180,13747,13722,14649,14149,14083,15117,14013,14407,15281,16472,14183,12953,15049,13788,14149,13741,13228
(ii) banks headquartered in the reporting country,0,0,0,0,0,0,0,0,0,0,0,0,0,0,0,0,0,0,0,0,0,0,0,0,0,0,0,0,0,0,0,0,0,0,0,0,0,,,,,,,,,,,,,,,,,,,,,,,,,,,,,,,,,,,,,,,,,,,,,,,,,,,,,,,,,,,,,,,,,,,,,,
of which: located abroad,0,0,0,0,0,0,0,0,0,0,0,0,0,0,0,0,0,0,0,0,0,0,0,0,0,0,0,0,0,0,0,0,0,0,0,0,0,,,,,,,,,,,,,,,,,,,,,,,,,,,,,,,,,,,,,,,,,,,,,,,,,,,,,,,,,,,,,,,,,,,,,,
(iii) banks headquartered outside the reporting country,1,0,0,0,0,1,1,1,1,1,1,0,0,0,0,1,0,1,0,0,0,1,0,1,1,1,1,1,1,1,1,1,1,1,1,1,1,0,1,1,1,1,1,1,2,2,1,1,2,1,2,2,2,3,3.562110836,4,3.671977858,4,4,4,4,4,7,4,5,4,4,4,4,5,5,5,5,3,4,5,4,9,3,3,3,3,3,4,3,4,5,5,3,1,1,1,1,3,4,4,4,5,9,8,7,7,8,8,6,6,7
of which: located in the reporting country,0,0,0,0,0,0,0,0,0,0,0,0,0,0,0,0,0,0,0,0,0,0,0,0,0,0,0,0,0,0,0,0,0,0,0,0,0,,,,,,,,,,,,,,,,,,,,,,,,,,,,,,,,,,,,,,,,,,,,,,,,,,,,,,,,,,,,,,,,,,,,,,
(2) IMF reserve position,2331,2135,1835,1772,1836,1805,1888,1989,2015,1973,1921,1900,1948,914,863,852,896,867,853,857,839,824,828,847,819,805,805,819,885,1075,997,1129,1132,1120,1079,1005,983,1016,1033,1034,1017,1355,1330,1395,1402,1532,1485,1907,1826,1858,1861,1954,1959,1950,2261.774314,2312,2267.437409,2230,2232,2243,2326,2386,2562,2755,3152,3090,2998,2964,3347,3524,3390,3288,3309,3249,3218,3335,3373,3423,3621,3631,3642,3478,3634,3626,3729,3649,3501,3523,3528,3704,3599,3618,3747,3816,3791,3823,3739,3832,3918,3994,4016,3848,3894,3974,3863,3836,3731
(3) SDRs,5302,5315,5305,5124,5305,5911,6057,6241,6350,6214,5955,5726,5873,5866,5542,5569,5453,4904,4818,4843,4778,4698,5168,5291,5109,5022,5078,5228,5290,5123,4986,5088,5103,5183,5292,5161,5107,5277,5388,5382,5298,5557,5994,6055,6086,6116,5917,6127,5978,6086,6095,6109,6199,6170,6210.791211,6434,6378.005541,6270,6396,6200,6416,6587,6964,6561,6479,6351,6163,6091,6173,6250,6012,5832,5821,5717,5763,5710,5770,5459,5564,17797,18806,17957,18762,18929,19466,18662,17772,18019,18029,18580,18053,18150,19142,17569,17880,18176,18044,19008,19336,19715,19822,19732,19716,20191,20007,20367,19852
"(4) gold (including gold deposits and, if appropriate, gold swapped)",4106,3950,3942,3749,3941,3865,3817,4025,4029,4079,3697,3639,3819,4050,3783,3933,3920,4165,4178,4080,4059,3913,3691,3751,3753,3825,3814,3968,3980,3782,3717,3889,3833,3877,3953,3876,3902,3961,4045,4062,3814,3739,3631,3661,3633,3790,3678,4005,4024,4080,4040,4026,4140,4440,4576.468737,5028,4863.90634,4821,4762,3395,4679,5454,5342,5399,5063,4612,4703,5031,5782,5391,4201,4397,4218,4351,4561,4952,5839,5568,5873,5716,5587,5416,5835,5590,5916,5973,5498,5664,5747,6262,5942,5903,5940,5163,4624,4900,5967,6437,6910,6834,6022,6019,6439,7402,7066,7375,7372
volume in millions of fine troy ounces,2.535,2.535,2.535,2.535,2.535,2.535,2.535,2.535,2.535,2.535,2.503,2.503,2.439,2.342,2.342,2.342,2.342,2.342,2.342,2.342,2.342,2.342,2.342,2.342,2.342,2.342,2.342,2.342,2.342,2.342,2.342,2.342,2.342,2.342,2.342,2.342,2.342,2.342,2.342,2.342,2.21,2.21,2.21,2.21,2.21,2.21,2.21,2.21,2.21,2.21,2.21,2.21,2.21,2.21,2.210092499,2.21,2.210092499,2.21,2.21,1.57,1.986,2.21,2.05,2.082,1.95,1.79,1.726,1.89,2.178,2.018,1.762,1.794,1.73,1.954,2.05,2.179,2.374,2.374,2.374,2.31,2.31,2.31,2.31,2.246,2.31,2.246,2.118,2.118,2.246,2.374,2.374,2.374,2.31,2.022,1.766,1.83,2.182,2.374,2.343,2.279,1.991,2.087,2.183,2.472,2.44,2.344,2.408
(5) other reserve assets (specify),227,359,164,645,894,599,541,-59,-245,445,529,418,506,-4,586,158,570,-311,199,570,453,889,1491,1485,756,325,307,457,530,1052,609,626,960,606,328,1209,347,-81,87,815,623,769,851,684,1078,840,837,-42,360,847,787,753,27,383,711.1319389,415,945.5034373,1140,1057,1085,648,302,-259,428,774,810,456,664,603,502,559,607,817,959,1254,947,925,1066,894,898,1087,1450,799,1092,788,878,1759,1878,1204,1392,632,857,858,3492,2195,1749,2517,3251,3187,3337,3407,4141,3790,4042,4129,4015,4043
financial derivatives,-360,-225,-430,72,304,16,-68,-666,-861,-179,-85,-185,-114,-628,-11,-449,-67,-938,-428,-60,-165,280,903,884,170,-256,-284,-147,-82,456,29,36,370,3,-293,599,-256,-695,-546,180,-9,140,226,42,437,194,196,-714,-311,165,95,66,-669,-324,-15.83387149,-329,203.9082473,408,309,353,-121,-489,-1061,-352,3,51,-277,-59,-145,-266,-187,-120,90,256,546,245,213,-53,-249,-250,-70,344,-362,-59,-394,-277,668,780,111,273,-462,-254,-261,46,-1197,-1662,-842,-182,-309,-224,-172,615,254,447,577,408,474
loans to nonbank nonresidents,0,0,0,0,0,0,0,0,0,0,0,0,0,0,0,0,0,0,0,0,0,0,0,0,0,0,0,0,0,0,0,0,0,0,0,0,0,,,,,,,,,,,,,,,,,,,,,,,,,,,,,,,,,,,,,,,,,,,,,,,,,,,,,,,,,,,,,,,,,,,,,,
other,587,584,594,572,590,584,609,607,616,624,614,604,620,624,598,607,637,626,627,630,619,609,587,601,586,581,591,605,612,596,580,590,590,603,622,610,603,614,634,635,632,629,625,642,641,646,641,672,671,683,693,686,696,707,726.9658104,744,741.59519,731,748,731,769,790,802,780,770,760,733,723,749,768,746,728,726,703,708,702,713,1120,1143,1148,1157,1106,1161,1151,1182,1155,1091,1098,1093,1120,1102,1111,1119,3446,3392,3411,3360,3433,3496,3561,3579,3527,3537,3595,3553,3608,3570
B. Other foreign currency assets (specify),-229,-202,-220,167,460,203,-86,-412,-397,42,128,27,74,-139,121,-292,166,-813,-421,34,127,234,966,1012,304,-16,-158,-346,-399,1103,692,188,136,-62,-216,338,67,-361,-293,13,132,68,107,-52,257,78,300,-375,111,144,54,-22,-522,-53,30.40027362,-120,127.035564,313,177,541,-109,-465,-1077,57,99,106,71,82,78,48,61,56,165,248,288,39,43,18,-97,-102,-48,76,-128,-37,0,45,522,623,277,291,-57,50,-41,-49,-273,-454,-164,2,-88,-48,23,335,293,228,425,324,489
securities not included in official reserve assets,0,0,0,0,0,0,0,0,0,0,0,0,0,0,0,0,0,0,0,0,0,0,0,0,0,0,0,0,0,0,0,0,0,0,0,0,0,,,,,,,,,,,,,,,,,,,,,,,,,,,,,,,,,,,,,,,,,,,,,,,,,,,,,,,,,,,,,,,,,,,,,,
deposits not included in official reserve assets,0,0,0,0,0,0,0,0,112,111,109,105,107,107,101,101,105,101,100,100,98,97,97,99,96,95,95,97,98,96,93,96,95,98,100,98,98,101,104,104,103,102,99,101,101,101,98,103,103,105,105,105,105,104,105.3689904,104,103.9797308,103,105,102,107,109,114,108,105,103,99,99,103,106,103,99,101,99,100,0,0,0,0,0,0,0,0,0,112,110,105,106,104,108,106,105,109,138,134,136,134,137,139,140,140,135,135,137,137,139,136
loans not included in official reserve assets,0,0,0,0,0,0,0,0,0,0,0,0,0,0,0,0,0,0,0,0,0,0,0,0,0,0,0,0,0,0,0,0,0,0,0,0,0,,,,,,,,,,,,,,,,,,,,,,,,,,,,,,,,,,,,,,,,,,,,,,,,,,,,,,,,,,,,,,,,,,,,,,
financial derivatives not included in official reserve assets,-229,-202,-220,167,460,203,-86,-412,-509,-69,20,-79,-33,-245,20,-393,61,-914,-521,-65,29,136,869,912,208,-111,-253,-443,-498,1007,599,92,41,-161,-316,240,-31,-462,-397,-91,29,-34,8,-153,156,-23,202,-478,9,39,-51,-127,-626,-157,-74.9687168,-224,23.05583323,210,72,439,-216,-574,-1191,-51,-6,2,-28,-17,-25,-58,-41,-44,64,150,188,39,43,18,-97,-102,-48,76,-128,-37,-112,-65,417,517,173,183,-163,-55,-150,-187,-407,-590,-298,-135,-227,-188,-117,200,158,91,288,185,353
gold not included in official reserve assets,0,0,0,0,0,0,0,0,0,0,0,0,0,0,0,0,0,0,0,0,0,0,0,0,0,0,0,0,0,0,0,0,0,0,0,0,0,,,,,,,,,,,,,,,,,,,,,,,,,,,,,,,,,,,,,,,,,,,,,,,,,,,,,,,,,,,,,,,,,,,,,,
other,0,0,0,0,0,0,0,0,0,0,0,0,0,0,0,0,0,0,0,0,0,0,0,0,0,0,0,0,0,0,0,0,0,0,0,0,0,,,,,,,,,,,,,,,,,,,,,,,,,,,,,,,,,,,,,,,,,,,,,,,,,,,,,,,,,,,,,,,,,,,,,,
,,,,,,,,,,,,,,,,,,,,,,,,,,,,,,,,,,,,,,,,,,,,,,,,,,,,,,,,,,,,,,,,,,,,,,,,,,,,,,,,,,,,,,,,,,,,,,,,,,,,,,,,,,,
II. Predetermined short-term net drains on foreign currency assets (nominal value),,,,,,,,,,,,,,,,,,,,,,,,,,,,,,,,,,,,,,,,,,,,,,,,,,,,,,,,,,,,,,,,,,,,,,,,,,,,,,,,,,,,,,,,,,,,,,,,,,,,,,,,,,,
,,,,,,,,,,,,,,,,,,,,,,,,,,,,,,,,,,,,,,,,,,,,,,,,,,,,,,,,,,,,,,,,,,,,,,,,,,,,,,,,,,,,,,,,,,,,,,,,,,,,,,,,,,,
"1. Foreign currency loans, securities, and deposits",,,,,,,,,,,,,,,,,,,,,,,,,,,,,,,,,,,,,,,,,,,,,,,,,,,,,,,,,,,,,,,,,,,,,,,,,,,,,,,,,,,,,,,,,,,,,,,,,,,,,,,,,,,
Total,,,,,,,,,,,,,,,,,,,,,,,,,,,,,,,,,,,,,,,,,,,,,,,,,,,,,,,,,,,,,,,,,,,,,,,,,,,,,,,,,,,,,,,,,,,,,,,,,,,,,,,,,,,
Up to 1 month,,,,,,,,,,,,,,,,,,,,,,,,,,,,,,,,,,,,,,,,,,,,,,,,,,,,,,,,,,,,,,,,,,,,,,,,,,,,,,,,,,,,,,,,,,,,,,,,,,,,,,,,,,,
More than 1 and up to 3 months,,,,,,,,,,,,,,,,,,,,,,,,,,,,,,,,,,,,,,,,,,,,,,,,,,,,,,,,,,,,,,,,,,,,,,,,,,,,,,,,,,,,,,,,,,,,,,,,,,,,,,,,,,,
More than 3 months and up to 1 year,,,,,,,,,,,,,,,,,,,,,,,,,,,,,,,,,,,,,,,,,,,,,,,,,,,,,,,,,,,,,,,,,,,,,,,,,,,,,,,,,,,,,,,,,,,,,,,,,,,,,,,,,,,
outflows (-),,,,,,,,,,,,,,,,,,,,,,,,,,,,,,,,,,,,,,,,,,,,,,,,,,,,,,,,,,,,,,,,,,,,,,,,,,,,,,,,,,,,,,,,,,,,,,,,,,,,,,,,,,,
Principal,,,,,,,,,,,,,,,,,,,,,,,,,,,,,,,,,,,,,,,,,,,,,,,,,,,,,,,,,,,,,,,,,,,,,,,,,,,,,,,,,,,,,,,,,,,,,,,,,,,,,,,,,,,
Total,,,,,,,,,,,,,,,,,,,,,,,,,,,,,,,,,,,,,,,,,,,,,,,,,,,,,,,,,,,,,,,,,,,,,,,,,,,,,,,,,,,,,,,,,,,,,,,,,,,,,,,,,,,
Up to 1 month,,,,,,,,,,,,,,,,,,,,,,,,,,,,,,,,,,,,,,,,,,,,,,,,,,,,,,,,,,,,,,,,,,,,,,,,,,,,,,,,,,,,,,,,,,,,,,,,,,,,,,,,,,,
More than 1 and up to 3 months,,,,,,,,,,,,,,,,,,,,,,,,,,,,,,,,,,,,,,,,,,,,,,,,,,,,,,,,,,,,,,,,,,,,,,,,,,,,,,,,,,,,,,,,,,,,,,,,,,,,,,,,,,,
More than 3 months and up to 1 year,,,,,,,,,,,,,,,,,,,,,,,,,,,,,,,,,,,,,,,,,,,,,,,,,,,,,,,,,,,,,,,,,,,,,,,,,,,,,,,,,,,,,,,,,,,,,,,,,,,,,,,,,,,
Interest,,,,,,,,,,,,,,,,,,,,,,,,,,,,,,,,,,,,,,,,,,,,,,,,,,,,,,,,,,,,,,,,,,,,,,,,,,,,,,,,,,,,,,,,,,,,,,,,,,,,,,,,,,,
Total,,,,,,,,,,,,,,,,,,,,,,,,,,,,,,,,,,,,,,,,,,,,,,,,,,,,,,,,,,,,,,,,,,,,,,,,,,,,,,,,,,,,,,,,,,,,,,,,,,,,,,,,,,,
Up to 1 month,,,,,,,,,,,,,,,,,,,,,,,,,,,,,,,,,,,,,,,,,,,,,,,,,,,,,,,,,,,,,,,,,,,,,,,,,,,,,,,,,,,,,,,,,,,,,,,,,,,,,,,,,,,
More than 1 and up to 3 months,,,,,,,,,,,,,,,,,,,,,,,,,,,,,,,,,,,,,,,,,,,,,,,,,,,,,,,,,,,,,,,,,,,,,,,,,,,,,,,,,,,,,,,,,,,,,,,,,,,,,,,,,,,
More than 3 months and up to 1 year,,,,,,,,,,,,,,,,,,,,,,,,,,,,,,,,,,,,,,,,,,,,,,,,,,,,,,,,,,,,,,,,,,,,,,,,,,,,,,,,,,,,,,,,,,,,,,,,,,,,,,,,,,,
inflows (+),,,,,,,,,,,,,,,,,,,,,,,,,,,,,,,,,,,,,,,,,,,,,,,,,,,,,,,,,,,,,,,,,,,,,,,,,,,,,,,,,,,,,,,,,,,,,,,,,,,,,,,,,,,
Principal,,,,,,,,,,,,,,,,,,,,,,,,,,,,,,,,,,,,,,,,,,,,,,,,,,,,,,,,,,,,,,,,,,,,,,,,,,,,,,,,,,,,,,,,,,,,,,,,,,,,,,,,,,,
Total,,,,,,,,,,,,,,,,,,,,,,,,,,,,,,,,,,,,,,,,,,,,,,,,,,,,,,,,,,,,,,,,,,,,,,,,,,,,,,,,,,,,,,,,,,,,,,,,,,,,,,,,,,,
Up to 1 month,,,,,,,,,,,,,,,,,,,,,,,,,,,,,,,,,,,,,,,,,,,,,,,,,,,,,,,,,,,,,,,,,,,,,,,,,,,,,,,,,,,,,,,,,,,,,,,,,,,,,,,,,,,
More than 1 and up to 3 months,,,,,,,,,,,,,,,,,,,,,,,,,,,,,,,,,,,,,,,,,,,,,,,,,,,,,,,,,,,,,,,,,,,,,,,,,,,,,,,,,,,,,,,,,,,,,,,,,,,,,,,,,,,
More than 3 months and up to 1 year,,,,,,,,,,,,,,,,,,,,,,,,,,,,,,,,,,,,,,,,,,,,,,,,,,,,,,,,,,,,,,,,,,,,,,,,,,,,,,,,,,,,,,,,,,,,,,,,,,,,,,,,,,,
Interest,,,,,,,,,,,,,,,,,,,,,,,,,,,,,,,,,,,,,,,,,,,,,,,,,,,,,,,,,,,,,,,,,,,,,,,,,,,,,,,,,,,,,,,,,,,,,,,,,,,,,,,,,,,
Total,,,,,,,,,,,,,,,,,,,,,,,,,,,,,,,,,,,,,,,,,,,,,,,,,,,,,,,,,,,,,,,,,,,,,,,,,,,,,,,,,,,,,,,,,,,,,,,,,,,,,,,,,,,
Up to 1 month,,,,,,,,,,,,,,,,,,,,,,,,,,,,,,,,,,,,,,,,,,,,,,,,,,,,,,,,,,,,,,,,,,,,,,,,,,,,,,,,,,,,,,,,,,,,,,,,,,,,,,,,,,,
More than 1 and up to 3 months,,,,,,,,,,,,,,,,,,,,,,,,,,,,,,,,,,,,,,,,,,,,,,,,,,,,,,,,,,,,,,,,,,,,,,,,,,,,,,,,,,,,,,,,,,,,,,,,,,,,,,,,,,,
More than 3 months and up to 1 year,,,,,,,,,,,,,,,,,,,,,,,,,,,,,,,,,,,,,,,,,,,,,,,,,,,,,,,,,,,,,,,,,,,,,,,,,,,,,,,,,,,,,,,,,,,,,,,,,,,,,,,,,,,
2. Aggregate short and long positions in forwards and futures in foreign currencies vis-à-vis the domestic currency (including the forward leg of currency swaps),,,,,,,,,,,,,,,,,,,,,,,,,,,,,,,,,,,,,,,,,,,,,,,,,,,,,,,,,,,,,,,,,,,,,,,,,,,,,,,,,,,,,,,,,,,,,,,,,,,,,,,,,,,
(a) Short positions ( - ),,,,,,,,,,,,,,,,,,,,,,,,,,,,,,,,,,,,,,,,,,,,,,,,,,,,,,,,,,,,,,,,,,,,,,,,,,,,,,,,,,,,,,,,,,,,,,,,,,,,,,,,,,,
Total,-7910,-13511,-18954,-16099,-19706,-11692,-10653,-10420,-10582,-4400,-10061,-9632,-2053,-4144,-7755,-12366,-21120,-9261,-7146,-5126,-9900,-10199,-20603,-24703,-12720,-21337,-23410,-24647,-31068,-28815,-21169,-21044,-18989,-23752,-36858,-37039,-14655,-22274,-22851,-27328,-34493,-20021,-14789,-17075,-20305,-11778,-17959,-17737,-10406,-21018,-20185,-22623,-24971,-17755,-10554.12139,-14108,-13218.042,-15024,-24838,-26991,-17208,-28221,-22269,-2676,-280,-191,-225,-190,-257,-494,-189,-157,-299,-215,-280,-109,-224,-109,-262,-179,-307,-182,-198,-172,-1123,-1944,-2728,-2617,-2610,-2728,-2765,-5058,-6246,-6272,-6304,-6219,-6704,-5837,-6795,-6875,-6906,-6836,-6592,-6518,-5884,-6905,-7935
Up to 1 month,-2531,-1011,-11954,-4098,-7955,-6941,-4151,-413,-10167,-644,-3307,-9628,-2049,-1890,-3752,-2863,-12618,-6761,-4146,-2625,-8399,-7366,-3551,-19903,-9470,-3586,-5160,-4397,-14567,-16315,-8169,-8288,-12982,-7707,-7266,-29759,-5119,-5702,-9509,-3947,-19662,-13970,-4710,-6998,-17259,-8233,-6405,-13703,-6878,-13477,-8366,-6021,-13402,-17222,-5718.389837,-9070,-13190.25747,-5727,-5515,-19458,-9682,-6160,-19745,-2643,-245,-157,-203,-169,-236,-483,-174,-143,-288,-205,-267,-78,-192,-78,-236,-154,-285,-159,-180,-148,-321,-384,-401,-289,-286,-388,-413,-359,-386,-410,-430,-346,-1256,-390,-468,-549,-583,-525,-521,-1855,-606,-615,-588
More than 1 and up to 3 months,-5379,-12500,-7000,-12000,-11750,-3750,-6501,-10001,-412,-3752,-6750,-1,-2,-2252,-4002,-9503,-8502,-2501,-3000,-2501,-1501,-2833,-17052,-4800,-3250,-8250,-18250,-20250,-16500,-12500,-13001,-12752,-6003,-16045,-29591,-7279,-8782,-14053,-13320,-23359,-14807,-6028,-10045,-10043,-3030,-3530,-11537,-4016,-3511,-7523,-11801,-16573,-11553,-517,-4809.224062,-5012,-3.50323821,-9285,-19312,-7519,-7513,-22042,-2507,-2,-18,-17,-4,-13,-12,-2,-6,-10,-7,-2,-10,-4,-7,-10,-7,-4,-4,-8,-6,-19,-13,-4,-4,-12,-10,-4,-7,-1,-4,-5,-1537,-1541,-787,-794,-16,-27,-1194,-2359,-2353,-23,-24,-4,-1122
More than 3 months and up to 1 year,0,0,0,-1,-1,-1001,-1,-5,-3,-4,-4,-3,-2,-2,-2,-1,0,0,0,0,0,0,0,0,0,-9500,0,0,0,0,0,-4,-4,-1,-1,-1,-754,-2518,-21,-21,-23,-24,-34,-34,-15,-16,-16,-18,-18,-17,-18,-30,-15,-15,-26.50749229,-27,-24.28129107,-12,-12,-14,-14,-18,-17,-31,-17,-17,-18,-7,-9,-10,-9,-4,-5,-8,-3,-26,-24,-21,-19,-21,-18,-14,-12,-5,-790,-1556,-2322,-2316,-2314,-2336,-2344,-4699,-5856,-5857,-4336,-4332,-4662,-4653,-6310,-6299,-5129,-3953,-3719,-4640,-5254,-6285,-6225
(b) Long positions (+),,,,,,,,,,,,,,,,,,,,,,,,,,,,,,,,,,,,,,,,,,,,,,,,,,,,,,,,,,,,,,,,,,,,,,,,,,,,,,,,,,,,,,,,,,,,,,,,,,,,,,,,,,,
Total,802,4155,69,1194,808,66,58,41,85,207,115,124,49,3652,86,4701,691,132,62,326,1598,1590,5685,5047,128,10587,136,3150,1599,231,1364,1010,468,3427,10245,6205,388,4225,3772,5221,2392,252,1290,335,2272,333,5987,225,393,7089,987,319,2486,249,1337.16921,322,1205.573326,3307,6263,3723,2195,5186,226,173,228,130,165,120,185,392,90,2694,168,466,142,46,170,34,163,78,192,66,66,32,70,135,166,49,36,117,996,84,1030,604,223,57,1075,92,654,198,182,109,843,252,142,428,309
Up to 1 month,780,4140,53,1185,795,51,40,29,62,196,105,109,31,3635,72,4686,681,122,49,313,1588,1530,2175,5036,118,10577,126,3140,1590,221,1358,1007,464,673,5241,6201,384,4221,3768,5217,2387,246,1278,321,2254,311,5981,220,387,7081,978,311,2472,233,1330.561957,315,1200.73955,2797,5752,3216,2190,5179,217,162,216,115,158,112,182,384,83,2692,166,466,141,45,170,30,163,78,185,60,56,22,61,126,157,40,26,108,986,45,989,564,172,3,1019,36,602,150,135,71,794,216,108,402,265
More than 1 and up to 3 months,9,3,10,10,6,7,6,3,15,4,3,0,3,2,5,6,3,2,6,6,3,51,3500,0,0,0,2,5,7,9,4,3,4,2750,5000,0,0,0,0,0,0,0,4,4,17,16,0,0,1,1,1,0,9,10,4.7460042,5,0.33522797,503,505,502,0,2,0,1,4,8,6,6,1,6,5,3,2,1,1,1,0,4,0,0,0,0,1,1,0,0,0,0,1,7,8,0,5,4,0,4,13,22,22,22,11,11,21,19,21,3,13
More than 3 months and up to 1 year,13,13,6,0,7,8,12,9,9,6,7,15,15,15,9,8,8,7,7,7,7,9,10,10,10,10,9,6,1,1,1,0,0,4,4,4,4,4,4,5,5,6,8,9,1,5,5,6,5,8,8,8,5,7,1.86124968,3,4.49854794,7,5,5,5,5,8,10,7,7,2,2,2,2,2,0,0,0,0,0,0,0,0,0,7,7,9,9,9,9,9,9,9,2,2,39,35,36,52,50,44,34,30,25,36,28,28,17,13,24,31
3. Other (specify),,,,,,,,,,,,,,,,,,,,,,,,,,,,,,,,,,,,,,,,,,,,,,,,,,,,,,,,,,,,,,,,,,,,,,,,,,,,,,,,,,,,,,,,,,,,,,,,,,,,,,,,,,,
Total,5562,4164,2730,5373,5587,4140,5743,8108,5213,9236,7945,4673,6318,7194,4904,6613,8994,6274,7715,7136,4021,8741,9816,2932,9624,6972,3558,4379,8410,4498,8007,4187,3276,4140,4862,2508,5175,5504,1827,8628,8219,3438,3305,6106,4505,8447,4933,3426,9104,6679,3576,8298,6586,2819,7278.031962,6909,7581.837527,5407,5205,1937,7576,7622,4007,6892,6093,3870,4071,3288,3030,3842,3755,2442,6136,5097,1164,2581,3028,734,3170,3694,1924,4696,3630,2907,4892,5076,3640,4533,4887,4381,3843,4213,4557,4117,3595,5701,4710,7347,7571,5005,9242,7443,5835,5045,8138,8577,6885
Up to 1 month,5509,4164,2730,5325,5537,4091,5694,8057,5162,9184,7850,4579,6117,6804,4592,5823,8617,5930,5658,6799,3686,8364,9460,2622,7372,6026,3191,3996,8026,4186,7752,3866,2959,3767,4481,2187,4799,5123,1437,8293,7216,2888,2824,5568,3970,7834,4339,2837,8453,6019,2923,7946,5916,2165,6672.190081,6170,6866.191573,4697,4435,1216,6735,6740,3243,6208,4989,2917,2987,2498,2251,2981,3116,1724,5343,4381,584,2141,2552,431,2776,3296,1534,4246,3068,2502,4397,4629,3073,4062,4392,3956,3354,3813,4148,3626,3095,5109,3929,6822,7088,4607,8941,7238,5740,5041,8141,8545,6864
More than 1 and up to 3 months,52,0,0,0,0,0,0,0,0,0,0,0,51,112,52,519,162,115,1885,56,0,54,51,0,1890,630,53,164,164,157,102,53,0,53,54,0,0,55,56,55,553,164,106,53,0,55,53,0,117,119,300,58,181,195,133.5298236,73,0,0,69,18,151,405,260,100,511,448,550,97,1,82,-50,0,157,285,151,146,238,152,158,79,0,72,155,84,83,105,150,126,82,85,163,80,-4,80,78,247,341,177,198,204,202,205,95,4,-3,32,21
More than 3 months and up to 1 year,0,0,0,48,50,49,49,51,51,52,95,94,151,278,260,271,216,229,172,281,335,323,305,310,362,316,315,218,219,156,153,268,317,320,327,320,376,327,334,280,450,386,375,485,535,558,541,589,533,541,353,294,488,459,472.3120573,666,715.6459541,709,701,703,690,477,503,585,593,505,534,694,778,779,688,718,636,430,430,293,238,151,236,319,390,378,407,321,412,342,417,345,413,340,326,320,413,411,422,345,440,348,285,194,99,0,0,0,0,0,0
outflows related to repos (-),,,,,,,,,,,,,,,,,,,,,,,,,,,,,,,,,,,,,,,,,,,,,,,,,,,,,,,,,,,,,,,,,,,,,,,,,,,,,,,,,,,,,,,,,,,,,,,,,,,,,,,,,,,
Total,-6,0,0,0,1,0,0,0,0,0,1,-1,0,0,0,0,1,0,1,1,0,0,0,0,-1,0,2,0,1,-1,0,0,0,0,0,0,0,0,-31,0,0,0,0,0,0,0,0,0,0,0,0,0,0,0,-0.050503559,0,0.325794494,0,0,46,50,3,5,16,25,24,121,90,5,-8,-77,-20,-14,-16,-2,7,0,0,0,0,-3,-2,0,6,5,23,66,96,22,8,1,-1,-4,-4,-7,-26,10,-5,8,12,25,17,23,3,-5,48,31
Up to 1 month,-6,0,0,0,1,0,0,0,0,0,1,-1,0,0,0,0,1,0,1,1,0,0,0,0,-1,0,2,0,1,-1,0,0,0,0,0,0,0,0,-31,0,0,0,0,0,0,0,0,0,0,0,0,0,0,0,-0.050503559,0,0.325794494,0,0,28,50,3,5,-1,25,0,19,79,4,0,-17,-20,-14,-8,-2,7,0,0,0,0,-3,1,-1,2,5,4,0,55,22,8,1,-1,0,-2,-1,-15,10,-5,0,0,16,-3,23,-1,-2,16,10
More than 1 and up to 3 months,0,0,0,0,0,0,0,0,0,0,0,0,0,0,0,0,0,0,0,0,0,0,0,0,0,0,0,0,0,0,0,0,0,0,0,0,0,0,0,0,0,0,0,0,0,0,0,0,0,0,0,0,0,0,0,0,0,0,0,18,0,0,0,17,0,24,101,11,1,-4,-50,0,0,-8,0,0,0,0,0,0,0,-3,1,4,0,19,66,41,0,0,0,0,-4,-2,-6,-11,0,0,8,11,7,20,0,4,-3,32,21
More than 3 months and up to 1 year,0,0,0,0,0,0,0,0,0,0,0,0,0,0,0,0,0,0,0,0,0,0,0,0,0,0,0,0,0,0,0,0,0,0,0,0,0,0,0,0,0,0,0,0,0,0,0,0,0,0,0,0,0,0,0,0,0,0,0,0,0,0,0,0,0,0,0,0,0,-4,-10,0,0,0,0,0,0,0,0,0,0,0,0,0,0,0,0,0,0,0,0,0,0,0,0,0,0,0,0,1,2,0,0,0,0,0,0
inflows related to reverse repos (+),,,,,,,,,,,,,,,,,,,,,,,,,,,,,,,,,,,,,,,,,,,,,,,,,,,,,,,,,,,,,,,,,,,,,,,,,,,,,,,,,,,,,,,,,,,,,,,,,,,,,,,,,,,
Total,5568,4165,2730,5373,5586,4140,5743,8108,5213,9236,7944,4674,6318,7194,4904,6614,8994,6274,7713,7135,4021,8740,9815,2931,9624,6972,3556,4378,8409,4499,8007,4187,3276,4140,4862,2507,5175,5504,1857,8628,8219,3438,3305,6106,4505,8447,4933,3426,9104,6679,3576,8298,6585,2819,7278.082466,6909,7581.511733,5407,5205,1891,7526,7619,4002,6876,6068,3847,3950,3198,3025,3850,3832,2463,6150,5113,1166,2574,3028,734,3170,3694,1927,4698,3630,2901,4887,5053,3574,4437,4865,4373,3842,4214,4561,4121,3602,5727,4700,7352,7563,4993,9217,7426,5812,5042,8143,8529,6854
Up to 1 month,5516,4165,2730,5325,5536,4090,5694,8057,5162,9184,7849,4580,6117,6804,4592,5824,8616,5930,5656,6798,3686,8364,9460,2621,7372,6026,3189,3996,8026,4186,7752,3866,2959,3767,4481,2187,4799,5123,1468,8292,7216,2888,2824,5568,3970,7834,4338,2837,8453,6019,2923,7946,5916,2165,6672.240585,6170,6865.865779,4697,4435,1188,6685,6737,3239,6209,4965,2917,2967,2419,2247,2981,3133,1744,5357,4389,586,2134,2552,431,2776,3296,1537,4245,3069,2500,4392,4625,3073,4007,4370,3948,3353,3814,4148,3628,3096,5124,3919,6827,7088,4607,8925,7241,5717,5042,8143,8529,6854
More than 1 and up to 3 months,52,0,0,0,0,0,0,0,0,0,0,0,51,112,52,519,162,115,1885,56,0,54,51,0,1890,630,53,164,164,157,102,53,0,53,54,0,0,55,56,55,553,164,106,53,0,55,53,0,117,119,300,58,181,195,133.5298236,73,0,0,69,0,151,405,260,83,510,425,449,85,0,86,0,0,157,294,150,146,238,152,158,79,0,75,154,80,83,86,84,85,82,85,163,80,0,82,84,258,341,177,190,193,195,185,95,0,0,0,0
More than 3 months and up to 1 year,0,0,0,48,50,49,49,51,51,52,95,94,151,278,260,271,216,229,172,281,335,323,305,310,362,316,315,218,219,156,153,268,317,320,327,320,376,327,334,280,450,386,375,485,535,558,541,589,533,541,353,294,488,459,472.3120573,666,715.6459541,709,701,703,690,477,503,585,593,505,534,694,778,783,699,718,636,430,430,293,238,151,236,319,390,378,407,321,412,342,417,345,413,340,326,320,413,411,422,345,440,348,285,193,97,0,0,0,0,0,0
trade credit (-),,,,,,,,,,,,,,,,,,,,,,,,,,,,,,,,,,,,,,,,,,,,,,,,,,,,,,,,,,,,,,,,,,,,,,,,,,,,,,,,,,,,,,,,,,,,,,,,,,,,,,,,,,,
Total,,,,,,,,,,,,,,,,,,,,,,,,,,,,,,,,,,,,,,,,,,,,,,,,,,,,,,,,,,,,,,,,,,,,,,,,,,,,,,,,,,,,,,,,,,,,,,,,,,,,,,,,,,,
Up to 1 month,,,,,,,,,,,,,,,,,,,,,,,,,,,,,,,,,,,,,,,,,,,,,,,,,,,,,,,,,,,,,,,,,,,,,,,,,,,,,,,,,,,,,,,,,,,,,,,,,,,,,,,,,,,
More than 1 and up to 3 months,,,,,,,,,,,,,,,,,,,,,,,,,,,,,,,,,,,,,,,,,,,,,,,,,,,,,,,,,,,,,,,,,,,,,,,,,,,,,,,,,,,,,,,,,,,,,,,,,,,,,,,,,,,
More than 3 months and up to 1 year,,,,,,,,,,,,,,,,,,,,,,,,,,,,,,,,,,,,,,,,,,,,,,,,,,,,,,,,,,,,,,,,,,,,,,,,,,,,,,,,,,,,,,,,,,,,,,,,,,,,,,,,,,,
trade credit (+),,,,,,,,,,,,,,,,,,,,,,,,,,,,,,,,,,,,,,,,,,,,,,,,,,,,,,,,,,,,,,,,,,,,,,,,,,,,,,,,,,,,,,,,,,,,,,,,,,,,,,,,,,,
Total,,,,,,,,,,,,,,,,,,,,,,,,,,,,,,,,,,,,,,,,,,,,,,,,,,,,,,,,,,,,,,,,,,,,,,,,,,,,,,,,,,,,,,,,,,,,,,,,,,,,,,,,,,,
Up to 1 month,,,,,,,,,,,,,,,,,,,,,,,,,,,,,,,,,,,,,,,,,,,,,,,,,,,,,,,,,,,,,,,,,,,,,,,,,,,,,,,,,,,,,,,,,,,,,,,,,,,,,,,,,,,
More than 1 and up to 3 months,,,,,,,,,,,,,,,,,,,,,,,,,,,,,,,,,,,,,,,,,,,,,,,,,,,,,,,,,,,,,,,,,,,,,,,,,,,,,,,,,,,,,,,,,,,,,,,,,,,,,,,,,,,
More than 3 months and up to 1 year,,,,,,,,,,,,,,,,,,,,,,,,,,,,,,,,,,,,,,,,,,,,,,,,,,,,,,,,,,,,,,,,,,,,,,,,,,,,,,,,,,,,,,,,,,,,,,,,,,,,,,,,,,,
other accounts payable (-),,,,,,,,,,,,,,,,,,,,,,,,,,,,,,,,,,,,,,,,,,,,,,,,,,,,,,,,,,,,,,,,,,,,,,,,,,,,,,,,,,,,,,,,,,,,,,,,,,,,,,,,,,,
Total,,,,,,,,,,,,,,,,,,,,,,,,,,,,,,,,,,,,,,,,,,,,,,,,,,,,,,,,,,,,,,,,,,,,,,,,,,,,,,,,,,,,,,,,,,,,,,,,,,,,,,,,,,,
Up to 1 month,,,,,,,,,,,,,,,,,,,,,,,,,,,,,,,,,,,,,,,,,,,,,,,,,,,,,,,,,,,,,,,,,,,,,,,,,,,,,,,,,,,,,,,,,,,,,,,,,,,,,,,,,,,
More than 1 and up to 3 months,,,,,,,,,,,,,,,,,,,,,,,,,,,,,,,,,,,,,,,,,,,,,,,,,,,,,,,,,,,,,,,,,,,,,,,,,,,,,,,,,,,,,,,,,,,,,,,,,,,,,,,,,,,
More than 3 months and up to 1 year,,,,,,,,,,,,,,,,,,,,,,,,,,,,,,,,,,,,,,,,,,,,,,,,,,,,,,,,,,,,,,,,,,,,,,,,,,,,,,,,,,,,,,,,,,,,,,,,,,,,,,,,,,,
other accounts receivable (+),,,,,,,,,,,,,,,,,,,,,,,,,,,,,,,,,,,,,,,,,,,,,,,,,,,,,,,,,,,,,,,,,,,,,,,,,,,,,,,,,,,,,,,,,,,,,,,,,,,,,,,,,,,
Total,,,,,,,,,,,,,,,,,,,,,,,,,,,,,,,,,,,,,,,,,,,,,,,,,,,,,,,,,,,,,,,,,,,,,,,,,,,,,,,,,,,,,,,,,,,,,,,,,,,,,,,,,,,
Up to 1 month,,,,,,,,,,,,,,,,,,,,,,,,,,,,,,,,,,,,,,,,,,,,,,,,,,,,,,,,,,,,,,,,,,,,,,,,,,,,,,,,,,,,,,,,,,,,,,,,,,,,,,,,,,,
More than 1 and up to 3 months,,,,,,,,,,,,,,,,,,,,,,,,,,,,,,,,,,,,,,,,,,,,,,,,,,,,,,,,,,,,,,,,,,,,,,,,,,,,,,,,,,,,,,,,,,,,,,,,,,,,,,,,,,,
More than 3 months and up to 1 year,,,,,,,,,,,,,,,,,,,,,,,,,,,,,,,,,,,,,,,,,,,,,,,,,,,,,,,,,,,,,,,,,,,,,,,,,,,,,,,,,,,,,,,,,,,,,,,,,,,,,,,,,,,
,,,,,,,,,,,,,,,,,,,,,,,,,,,,,,,,,,,,,,,,,,,,,,,,,,,,,,,,,,,,,,,,,,,,,,,,,,,,,,,,,,,,,,,,,,,,,,,,,,,,,,,,,,,
III. Contingent short-term net drains on foreign currency assets (nominal value),,,,,,,,,,,,,,,,,,,,,,,,,,,,,,,,,,,,,,,,,,,,,,,,,,,,,,,,,,,,,,,,,,,,,,,,,,,,,,,,,,,,,,,,,,,,,,,,,,,,,,,,,,,
,,,,,,,,,,,,,,,,,,,,,,,,,,,,,,,,,,,,,,,,,,,,,,,,,,,,,,,,,,,,,,,,,,,,,,,,,,,,,,,,,,,,,,,,,,,,,,,,,,,,,,,,,,,
1. Contingent liabilities in foreign currency,,,,,,,,,,,,,,,,,,,,,,,,,,,,,,,,,,,,,,,,,,,,,,,,,,,,,,,,,,,,,,,,,,,,,,,,,,,,,,,,,,,,,,,,,,,,,,,,,,,,,,,,,,,
Total,,,,,,,,,,,,,,,,,,,,,,,,,,,,,,,,,,,,,,,,,,,,,,,,,,,,,,,,,,,,,,,,,,,,,,,,,,,,,,,,,,,,,,,,,,,,,,,,,,,,,,,,,,,
Up to 1 month,,,,,,,,,,,,,,,,,,,,,,,,,,,,,,,,,,,,,,,,,,,,,,,,,,,,,,,,,,,,,,,,,,,,,,,,,,,,,,,,,,,,,,,,,,,,,,,,,,,,,,,,,,,
More than 1 and up to 3 months,,,,,,,,,,,,,,,,,,,,,,,,,,,,,,,,,,,,,,,,,,,,,,,,,,,,,,,,,,,,,,,,,,,,,,,,,,,,,,,,,,,,,,,,,,,,,,,,,,,,,,,,,,,
More than 3 months and up to 1 year,,,,,,,,,,,,,,,,,,,,,,,,,,,,,,,,,,,,,,,,,,,,,,,,,,,,,,,,,,,,,,,,,,,,,,,,,,,,,,,,,,,,,,,,,,,,,,,,,,,,,,,,,,,
(a) Collateral guarantees on debt falling due within 1 year,,,,,,,,,,,,,,,,,,,,,,,,,,,,,,,,,,,,,,,,,,,,,,,,,,,,,,,,,,,,,,,,,,,,,,,,,,,,,,,,,,,,,,,,,,,,,,,,,,,,,,,,,,,
Total,,,,,,,,,,,,,,,,,,,,,,,,,,,,,,,,,,,,,,,,,,,,,,,,,,,,,,,,,,,,,,,,,,,,,,,,,,,,,,,,,,,,,,,,,,,,,,,,,,,,,,,,,,,
Up to 1 month,,,,,,,,,,,,,,,,,,,,,,,,,,,,,,,,,,,,,,,,,,,,,,,,,,,,,,,,,,,,,,,,,,,,,,,,,,,,,,,,,,,,,,,,,,,,,,,,,,,,,,,,,,,
More than 1 and up to 3 months,,,,,,,,,,,,,,,,,,,,,,,,,,,,,,,,,,,,,,,,,,,,,,,,,,,,,,,,,,,,,,,,,,,,,,,,,,,,,,,,,,,,,,,,,,,,,,,,,,,,,,,,,,,
More than 3 months and up to 1 year,,,,,,,,,,,,,,,,,,,,,,,,,,,,,,,,,,,,,,,,,,,,,,,,,,,,,,,,,,,,,,,,,,,,,,,,,,,,,,,,,,,,,,,,,,,,,,,,,,,,,,,,,,,
(b) Other contingent liabilities,,,,,,,,,,,,,,,,,,,,,,,,,,,,,,,,,,,,,,,,,,,,,,,,,,,,,,,,,,,,,,,,,,,,,,,,,,,,,,,,,,,,,,,,,,,,,,,,,,,,,,,,,,,
Total,,,,,,,,,,,,,,,,,,,,,,,,,,,,,,,,,,,,,,,,,,,,,,,,,,,,,,,,,,,,,,,,,,,,,,,,,,,,,,,,,,,,,,,,,,,,,,,,,,,,,,,,,,,
Up to 1 month,,,,,,,,,,,,,,,,,,,,,,,,,,,,,,,,,,,,,,,,,,,,,,,,,,,,,,,,,,,,,,,,,,,,,,,,,,,,,,,,,,,,,,,,,,,,,,,,,,,,,,,,,,,
More than 1 and up to 3 months,,,,,,,,,,,,,,,,,,,,,,,,,,,,,,,,,,,,,,,,,,,,,,,,,,,,,,,,,,,,,,,,,,,,,,,,,,,,,,,,,,,,,,,,,,,,,,,,,,,,,,,,,,,
More than 3 months and up to 1 year,,,,,,,,,,,,,,,,,,,,,,,,,,,,,,,,,,,,,,,,,,,,,,,,,,,,,,,,,,,,,,,,,,,,,,,,,,,,,,,,,,,,,,,,,,,,,,,,,,,,,,,,,,,
2. Foreign currency securities issued with embedded options (puttable bonds),,,,,,,,,,,,,,,,,,,,,,,,,,,,,,,,,,,,,,,,,,,,,,,,,,,,,,,,,,,,,,,,,,,,,,,,,,,,,,,,,,,,,,,,,,,,,,,,,,,,,,,,,,,
Total,,,,,,,,,,,,,,,,,,,,,,,,,,,,,,,,,,,,,,,,,,,,,,,,,,,,,,,,,,,,,,,,,,,,,,,,,,,,,,,,,,,,,,,,,,,,,,,,,,,,,,,,,,,
"3. Undrawn, unconditional credit lines provided by:",,,,,,,,,,,,,,,,,,,,,,,,,,,,,,,,,,,,,,,,,,,,,,,,,,,,,,,,,,,,,,,,,,,,,,,,,,,,,,,,,,,,,,,,,,,,,,,,,,,,,,,,,,,
Total,,,,,,,,,,,,,,,,,,,,,,,,,,,,,,,,,,,,,,,,,,,,,,,,,,,,,,,,,,,,,,,,,,,,,,,,,,,,,,,,,,,,,,,,,,,,,,,,,,,,,,,,,,,
Up to 1 month,,,,,,,,,,,,,,,,,,,,,,,,,,,,,,,,,,,,,,,,,,,,,,,,,,,,,,,,,,,,,,,,,,,,,,,,,,,,,,,,,,,,,,,,,,,,,,,,,,,,,,,,,,,
More than 1 and up to 3 months,,,,,,,,,,,,,,,,,,,,,,,,,,,,,,,,,,,,,,,,,,,,,,,,,,,,,,,,,,,,,,,,,,,,,,,,,,,,,,,,,,,,,,,,,,,,,,,,,,,,,,,,,,,
More than 3 months and up to 1 year,,,,,,,,,,,,,,,,,,,,,,,,,,,,,,,,,,,,,,,,,,,,,,,,,,,,,,,,,,,,,,,,,,,,,,,,,,,,,,,,,,,,,,,,,,,,,,,,,,,,,,,,,,,
"(a) other national monetary authorities, BIS, IMF, and other international organizations",,,,,,,,,,,,,,,,,,,,,,,,,,,,,,,,,,,,,,,,,,,,,,,,,,,,,,,,,,,,,,,,,,,,,,,,,,,,,,,,,,,,,,,,,,,,,,,,,,,,,,,,,,,
Total,,,,,,,,,,,,,,,,,,,,,,,,,,,,,,,,,,,,,,,,,,,,,,,,,,,,,,,,,,,,,,,,,,,,,,,,,,,,,,,,,,,,,,,,,,,,,,,,,,,,,,,,,,,
Up to 1 month,,,,,,,,,,,,,,,,,,,,,,,,,,,,,,,,,,,,,,,,,,,,,,,,,,,,,,,,,,,,,,,,,,,,,,,,,,,,,,,,,,,,,,,,,,,,,,,,,,,,,,,,,,,
More than 1 and up to 3 months,,,,,,,,,,,,,,,,,,,,,,,,,,,,,,,,,,,,,,,,,,,,,,,,,,,,,,,,,,,,,,,,,,,,,,,,,,,,,,,,,,,,,,,,,,,,,,,,,,,,,,,,,,,
More than 3 months and up to 1 year,,,,,,,,,,,,,,,,,,,,,,,,,,,,,,,,,,,,,,,,,,,,,,,,,,,,,,,,,,,,,,,,,,,,,,,,,,,,,,,,,,,,,,,,,,,,,,,,,,,,,,,,,,,
other national monetary authorities (+),,,,,,,,,,,,,,,,,,,,,,,,,,,,,,,,,,,,,,,,,,,,,,,,,,,,,,,,,,,,,,,,,,,,,,,,,,,,,,,,,,,,,,,,,,,,,,,,,,,,,,,,,,,
Total,,,,,,,,,,,,,,,,,,,,,,,,,,,,,,,,,,,,,,,,,,,,,,,,,,,,,,,,,,,,,,,,,,,,,,,,,,,,,,,,,,,,,,,,,,,,,,,,,,,,,,,,,,,
Up to 1 month,,,,,,,,,,,,,,,,,,,,,,,,,,,,,,,,,,,,,,,,,,,,,,,,,,,,,,,,,,,,,,,,,,,,,,,,,,,,,,,,,,,,,,,,,,,,,,,,,,,,,,,,,,,
More than 1 and up to 3 months,,,,,,,,,,,,,,,,,,,,,,,,,,,,,,,,,,,,,,,,,,,,,,,,,,,,,,,,,,,,,,,,,,,,,,,,,,,,,,,,,,,,,,,,,,,,,,,,,,,,,,,,,,,
More than 3 months and up to 1 year,,,,,,,,,,,,,,,,,,,,,,,,,,,,,,,,,,,,,,,,,,,,,,,,,,,,,,,,,,,,,,,,,,,,,,,,,,,,,,,,,,,,,,,,,,,,,,,,,,,,,,,,,,,
BIS (+),,,,,,,,,,,,,,,,,,,,,,,,,,,,,,,,,,,,,,,,,,,,,,,,,,,,,,,,,,,,,,,,,,,,,,,,,,,,,,,,,,,,,,,,,,,,,,,,,,,,,,,,,,,
Total,,,,,,,,,,,,,,,,,,,,,,,,,,,,,,,,,,,,,,,,,,,,,,,,,,,,,,,,,,,,,,,,,,,,,,,,,,,,,,,,,,,,,,,,,,,,,,,,,,,,,,,,,,,
Up to 1 month,,,,,,,,,,,,,,,,,,,,,,,,,,,,,,,,,,,,,,,,,,,,,,,,,,,,,,,,,,,,,,,,,,,,,,,,,,,,,,,,,,,,,,,,,,,,,,,,,,,,,,,,,,,
More than 1 and up to 3 months,,,,,,,,,,,,,,,,,,,,,,,,,,,,,,,,,,,,,,,,,,,,,,,,,,,,,,,,,,,,,,,,,,,,,,,,,,,,,,,,,,,,,,,,,,,,,,,,,,,,,,,,,,,
More than 3 months and up to 1 year,,,,,,,,,,,,,,,,,,,,,,,,,,,,,,,,,,,,,,,,,,,,,,,,,,,,,,,,,,,,,,,,,,,,,,,,,,,,,,,,,,,,,,,,,,,,,,,,,,,,,,,,,,,
IMF (+),,,,,,,,,,,,,,,,,,,,,,,,,,,,,,,,,,,,,,,,,,,,,,,,,,,,,,,,,,,,,,,,,,,,,,,,,,,,,,,,,,,,,,,,,,,,,,,,,,,,,,,,,,,
Total,,,,,,,,,,,,,,,,,,,,,,,,,,,,,,,,,,,,,,,,,,,,,,,,,,,,,,,,,,,,,,,,,,,,,,,,,,,,,,,,,,,,,,,,,,,,,,,,,,,,,,,,,,,
Up to 1 month,,,,,,,,,,,,,,,,,,,,,,,,,,,,,,,,,,,,,,,,,,,,,,,,,,,,,,,,,,,,,,,,,,,,,,,,,,,,,,,,,,,,,,,,,,,,,,,,,,,,,,,,,,,
More than 1 and up to 3 months,,,,,,,,,,,,,,,,,,,,,,,,,,,,,,,,,,,,,,,,,,,,,,,,,,,,,,,,,,,,,,,,,,,,,,,,,,,,,,,,,,,,,,,,,,,,,,,,,,,,,,,,,,,
More than 3 months and up to 1 year,,,,,,,,,,,,,,,,,,,,,,,,,,,,,,,,,,,,,,,,,,,,,,,,,,,,,,,,,,,,,,,,,,,,,,,,,,,,,,,,,,,,,,,,,,,,,,,,,,,,,,,,,,,
Other International Organizations (+),,,,,,,,,,,,,,,,,,,,,,,,,,,,,,,,,,,,,,,,,,,,,,,,,,,,,,,,,,,,,,,,,,,,,,,,,,,,,,,,,,,,,,,,,,,,,,,,,,,,,,,,,,,
Total,,,,,,,,,,,,,,,,,,,,,,,,,,,,,,,,,,,,,,,,,,,,,,,,,,,,,,,,,,,,,,,,,,,,,,,,,,,,,,,,,,,,,,,,,,,,,,,,,,,,,,,,,,,
Up to 1 month,,,,,,,,,,,,,,,,,,,,,,,,,,,,,,,,,,,,,,,,,,,,,,,,,,,,,,,,,,,,,,,,,,,,,,,,,,,,,,,,,,,,,,,,,,,,,,,,,,,,,,,,,,,
More than 1 and up to 3 months,,,,,,,,,,,,,,,,,,,,,,,,,,,,,,,,,,,,,,,,,,,,,,,,,,,,,,,,,,,,,,,,,,,,,,,,,,,,,,,,,,,,,,,,,,,,,,,,,,,,,,,,,,,
More than 3 months and up to 1 year,,,,,,,,,,,,,,,,,,,,,,,,,,,,,,,,,,,,,,,,,,,,,,,,,,,,,,,,,,,,,,,,,,,,,,,,,,,,,,,,,,,,,,,,,,,,,,,,,,,,,,,,,,,
(b) with banks and other financial institutions headquartered in the reporting country (+),,,,,,,,,,,,,,,,,,,,,,,,,,,,,,,,,,,,,,,,,,,,,,,,,,,,,,,,,,,,,,,,,,,,,,,,,,,,,,,,,,,,,,,,,,,,,,,,,,,,,,,,,,,
Total,,,,,,,,,,,,,,,,,,,,,,,,,,,,,,,,,,,,,,,,,,,,,,,,,,,,,,,,,,,,,,,,,,,,,,,,,,,,,,,,,,,,,,,,,,,,,,,,,,,,,,,,,,,
Up to 1 month,,,,,,,,,,,,,,,,,,,,,,,,,,,,,,,,,,,,,,,,,,,,,,,,,,,,,,,,,,,,,,,,,,,,,,,,,,,,,,,,,,,,,,,,,,,,,,,,,,,,,,,,,,,
More than 1 and up to 3 months,,,,,,,,,,,,,,,,,,,,,,,,,,,,,,,,,,,,,,,,,,,,,,,,,,,,,,,,,,,,,,,,,,,,,,,,,,,,,,,,,,,,,,,,,,,,,,,,,,,,,,,,,,,
More than 3 months and up to 1 year,,,,,,,,,,,,,,,,,,,,,,,,,,,,,,,,,,,,,,,,,,,,,,,,,,,,,,,,,,,,,,,,,,,,,,,,,,,,,,,,,,,,,,,,,,,,,,,,,,,,,,,,,,,
(c) with banks and other financial institutions headquartered outside the reporting country (+),,,,,,,,,,,,,,,,,,,,,,,,,,,,,,,,,,,,,,,,,,,,,,,,,,,,,,,,,,,,,,,,,,,,,,,,,,,,,,,,,,,,,,,,,,,,,,,,,,,,,,,,,,,
Total,,,,,,,,,,,,,,,,,,,,,,,,,,,,,,,,,,,,,,,,,,,,,,,,,,,,,,,,,,,,,,,,,,,,,,,,,,,,,,,,,,,,,,,,,,,,,,,,,,,,,,,,,,,
Up to 1 month,,,,,,,,,,,,,,,,,,,,,,,,,,,,,,,,,,,,,,,,,,,,,,,,,,,,,,,,,,,,,,,,,,,,,,,,,,,,,,,,,,,,,,,,,,,,,,,,,,,,,,,,,,,
More than 1 and up to 3 months,,,,,,,,,,,,,,,,,,,,,,,,,,,,,,,,,,,,,,,,,,,,,,,,,,,,,,,,,,,,,,,,,,,,,,,,,,,,,,,,,,,,,,,,,,,,,,,,,,,,,,,,,,,
More than 3 months and up to 1 year,,,,,,,,,,,,,,,,,,,,,,,,,,,,,,,,,,,,,,,,,,,,,,,,,,,,,,,,,,,,,,,,,,,,,,,,,,,,,,,,,,,,,,,,,,,,,,,,,,,,,,,,,,,
"4. Undrawn, unconditional credit lines provided to:",,,,,,,,,,,,,,,,,,,,,,,,,,,,,,,,,,,,,,,,,,,,,,,,,,,,,,,,,,,,,,,,,,,,,,,,,,,,,,,,,,,,,,,,,,,,,,,,,,,,,,,,,,,
Total,,,,,,,,,,,,,,,,,,,,,,,,,,,,,,,,,,,,,,,,,,,,,,,,,,,,,,,,,,,,,,,,,,,,,,,,,,,,,,,,,,,,,,,,,,,,,,,,,,,,,,,,,,,
Up to 1 month,,,,,,,,,,,,,,,,,,,,,,,,,,,,,,,,,,,,,,,,,,,,,,,,,,,,,,,,,,,,,,,,,,,,,,,,,,,,,,,,,,,,,,,,,,,,,,,,,,,,,,,,,,,
More than 1 and up to 3 months,,,,,,,,,,,,,,,,,,,,,,,,,,,,,,,,,,,,,,,,,,,,,,,,,,,,,,,,,,,,,,,,,,,,,,,,,,,,,,,,,,,,,,,,,,,,,,,,,,,,,,,,,,,
More than 3 months and up to 1 year,,,,,,,,,,,,,,,,,,,,,,,,,,,,,,,,,,,,,,,,,,,,,,,,,,,,,,,,,,,,,,,,,,,,,,,,,,,,,,,,,,,,,,,,,,,,,,,,,,,,,,,,,,,
"(a) other national monetary authorities, BIS, IMF, and other international organizations",,,,,,,,,,,,,,,,,,,,,,,,,,,,,,,,,,,,,,,,,,,,,,,,,,,,,,,,,,,,,,,,,,,,,,,,,,,,,,,,,,,,,,,,,,,,,,,,,,,,,,,,,,,
Total,,,,,,,,,,,,,,,,,,,,,,,,,,,,,,,,,,,,,,,,,,,,,,,,,,,,,,,,,,,,,,,,,,,,,,,,,,,,,,,,,,,,,,,,,,,,,,,,,,,,,,,,,,,
Up to 1 month,,,,,,,,,,,,,,,,,,,,,,,,,,,,,,,,,,,,,,,,,,,,,,,,,,,,,,,,,,,,,,,,,,,,,,,,,,,,,,,,,,,,,,,,,,,,,,,,,,,,,,,,,,,
More than 1 and up to 3 months,,,,,,,,,,,,,,,,,,,,,,,,,,,,,,,,,,,,,,,,,,,,,,,,,,,,,,,,,,,,,,,,,,,,,,,,,,,,,,,,,,,,,,,,,,,,,,,,,,,,,,,,,,,
More than 3 months and up to 1 year,,,,,,,,,,,,,,,,,,,,,,,,,,,,,,,,,,,,,,,,,,,,,,,,,,,,,,,,,,,,,,,,,,,,,,,,,,,,,,,,,,,,,,,,,,,,,,,,,,,,,,,,,,,
other national monetary authorities (-),,,,,,,,,,,,,,,,,,,,,,,,,,,,,,,,,,,,,,,,,,,,,,,,,,,,,,,,,,,,,,,,,,,,,,,,,,,,,,,,,,,,,,,,,,,,,,,,,,,,,,,,,,,
Total,,,,,,,,,,,,,,,,,,,,,,,,,,,,,,,,,,,,,,,,,,,,,,,,,,,,,,,,,,,,,,,,,,,,,,,,,,,,,,,,,,,,,,,,,,,,,,,,,,,,,,,,,,,
Up to 1 month,,,,,,,,,,,,,,,,,,,,,,,,,,,,,,,,,,,,,,,,,,,,,,,,,,,,,,,,,,,,,,,,,,,,,,,,,,,,,,,,,,,,,,,,,,,,,,,,,,,,,,,,,,,
More than 1 and up to 3 months,,,,,,,,,,,,,,,,,,,,,,,,,,,,,,,,,,,,,,,,,,,,,,,,,,,,,,,,,,,,,,,,,,,,,,,,,,,,,,,,,,,,,,,,,,,,,,,,,,,,,,,,,,,
More than 3 months and up to 1 year,,,,,,,,,,,,,,,,,,,,,,,,,,,,,,,,,,,,,,,,,,,,,,,,,,,,,,,,,,,,,,,,,,,,,,,,,,,,,,,,,,,,,,,,,,,,,,,,,,,,,,,,,,,
BIS (-),,,,,,,,,,,,,,,,,,,,,,,,,,,,,,,,,,,,,,,,,,,,,,,,,,,,,,,,,,,,,,,,,,,,,,,,,,,,,,,,,,,,,,,,,,,,,,,,,,,,,,,,,,,
Total,,,,,,,,,,,,,,,,,,,,,,,,,,,,,,,,,,,,,,,,,,,,,,,,,,,,,,,,,,,,,,,,,,,,,,,,,,,,,,,,,,,,,,,,,,,,,,,,,,,,,,,,,,,
Up to 1 month,,,,,,,,,,,,,,,,,,,,,,,,,,,,,,,,,,,,,,,,,,,,,,,,,,,,,,,,,,,,,,,,,,,,,,,,,,,,,,,,,,,,,,,,,,,,,,,,,,,,,,,,,,,
More than 1 and up to 3 months,,,,,,,,,,,,,,,,,,,,,,,,,,,,,,,,,,,,,,,,,,,,,,,,,,,,,,,,,,,,,,,,,,,,,,,,,,,,,,,,,,,,,,,,,,,,,,,,,,,,,,,,,,,
More than 3 months and up to 1 year,,,,,,,,,,,,,,,,,,,,,,,,,,,,,,,,,,,,,,,,,,,,,,,,,,,,,,,,,,,,,,,,,,,,,,,,,,,,,,,,,,,,,,,,,,,,,,,,,,,,,,,,,,,
IMF (-),,,,,,,,,,,,,,,,,,,,,,,,,,,,,,,,,,,,,,,,,,,,,,,,,,,,,,,,,,,,,,,,,,,,,,,,,,,,,,,,,,,,,,,,,,,,,,,,,,,,,,,,,,,
Total,,,,,,,,,,,,,,,,,,,,,,,,,,,,,,,,,,,,,,,,,,,,,,,,,,,,,,,,,,,,,,,,,,,,,,,,,,,,,,,,,,,,,,,,,,,,,,,,,,,,,,,,,,,
Up to 1 month,,,,,,,,,,,,,,,,,,,,,,,,,,,,,,,,,,,,,,,,,,,,,,,,,,,,,,,,,,,,,,,,,,,,,,,,,,,,,,,,,,,,,,,,,,,,,,,,,,,,,,,,,,,
More than 1 and up to 3 months,,,,,,,,,,,,,,,,,,,,,,,,,,,,,,,,,,,,,,,,,,,,,,,,,,,,,,,,,,,,,,,,,,,,,,,,,,,,,,,,,,,,,,,,,,,,,,,,,,,,,,,,,,,
More than 3 months and up to 1 year,,,,,,,,,,,,,,,,,,,,,,,,,,,,,,,,,,,,,,,,,,,,,,,,,,,,,,,,,,,,,,,,,,,,,,,,,,,,,,,,,,,,,,,,,,,,,,,,,,,,,,,,,,,
Other International Organizations (-),,,,,,,,,,,,,,,,,,,,,,,,,,,,,,,,,,,,,,,,,,,,,,,,,,,,,,,,,,,,,,,,,,,,,,,,,,,,,,,,,,,,,,,,,,,,,,,,,,,,,,,,,,,
Total,,,,,,,,,,,,,,,,,,,,,,,,,,,,,,,,,,,,,,,,,,,,,,,,,,,,,,,,,,,,,,,,,,,,,,,,,,,,,,,,,,,,,,,,,,,,,,,,,,,,,,,,,,,
Up to 1 month,,,,,,,,,,,,,,,,,,,,,,,,,,,,,,,,,,,,,,,,,,,,,,,,,,,,,,,,,,,,,,,,,,,,,,,,,,,,,,,,,,,,,,,,,,,,,,,,,,,,,,,,,,,
More than 1 and up to 3 months,,,,,,,,,,,,,,,,,,,,,,,,,,,,,,,,,,,,,,,,,,,,,,,,,,,,,,,,,,,,,,,,,,,,,,,,,,,,,,,,,,,,,,,,,,,,,,,,,,,,,,,,,,,
More than 3 months and up to 1 year,,,,,,,,,,,,,,,,,,,,,,,,,,,,,,,,,,,,,,,,,,,,,,,,,,,,,,,,,,,,,,,,,,,,,,,,,,,,,,,,,,,,,,,,,,,,,,,,,,,,,,,,,,,
(b) banks and other financial institutions headquartered in reporting country (- ),,,,,,,,,,,,,,,,,,,,,,,,,,,,,,,,,,,,,,,,,,,,,,,,,,,,,,,,,,,,,,,,,,,,,,,,,,,,,,,,,,,,,,,,,,,,,,,,,,,,,,,,,,,
Total,,,,,,,,,,,,,,,,,,,,,,,,,,,,,,,,,,,,,,,,,,,,,,,,,,,,,,,,,,,,,,,,,,,,,,,,,,,,,,,,,,,,,,,,,,,,,,,,,,,,,,,,,,,
Up to 1 month,,,,,,,,,,,,,,,,,,,,,,,,,,,,,,,,,,,,,,,,,,,,,,,,,,,,,,,,,,,,,,,,,,,,,,,,,,,,,,,,,,,,,,,,,,,,,,,,,,,,,,,,,,,
More than 1 and up to 3 months,,,,,,,,,,,,,,,,,,,,,,,,,,,,,,,,,,,,,,,,,,,,,,,,,,,,,,,,,,,,,,,,,,,,,,,,,,,,,,,,,,,,,,,,,,,,,,,,,,,,,,,,,,,
More than 3 months and up to 1 year,,,,,,,,,,,,,,,,,,,,,,,,,,,,,,,,,,,,,,,,,,,,,,,,,,,,,,,,,,,,,,,,,,,,,,,,,,,,,,,,,,,,,,,,,,,,,,,,,,,,,,,,,,,
(c) banks and other financial institutions headquartered outside the reporting country ( - ),,,,,,,,,,,,,,,,,,,,,,,,,,,,,,,,,,,,,,,,,,,,,,,,,,,,,,,,,,,,,,,,,,,,,,,,,,,,,,,,,,,,,,,,,,,,,,,,,,,,,,,,,,,
Total,,,,,,,,,,,,,,,,,,,,,,,,,,,,,,,,,,,,,,,,,,,,,,,,,,,,,,,,,,,,,,,,,,,,,,,,,,,,,,,,,,,,,,,,,,,,,,,,,,,,,,,,,,,
Up to 1 month,,,,,,,,,,,,,,,,,,,,,,,,,,,,,,,,,,,,,,,,,,,,,,,,,,,,,,,,,,,,,,,,,,,,,,,,,,,,,,,,,,,,,,,,,,,,,,,,,,,,,,,,,,,
More than 1 and up to 3 months,,,,,,,,,,,,,,,,,,,,,,,,,,,,,,,,,,,,,,,,,,,,,,,,,,,,,,,,,,,,,,,,,,,,,,,,,,,,,,,,,,,,,,,,,,,,,,,,,,,,,,,,,,,
More than 3 months and up to 1 year,,,,,,,,,,,,,,,,,,,,,,,,,,,,,,,,,,,,,,,,,,,,,,,,,,,,,,,,,,,,,,,,,,,,,,,,,,,,,,,,,,,,,,,,,,,,,,,,,,,,,,,,,,,
5. Aggregate short and long positions of options in foreign currencies vis-à-vis the domestic currency,,,,,,,,,,,,,,,,,,,,,,,,,,,,,,,,,,,,,,,,,,,,,,,,,,,,,,,,,,,,,,,,,,,,,,,,,,,,,,,,,,,,,,,,,,,,,,,,,,,,,,,,,,,
(a) Short positions,,,,,,,,,,,,,,,,,,,,,,,,,,,,,,,,,,,,,,,,,,,,,,,,,,,,,,,,,,,,,,,,,,,,,,,,,,,,,,,,,,,,,,,,,,,,,,,,,,,,,,,,,,,
Total,,,,,,,,,,,,,,,,,,,,,,,,,,,,,,,,,,,,,,,,,,,,,,,,,,,,,,,,,,,,,,,,,,,,,,,,,,,,,,,,,,,,,,,,,,,,,,,,,,,,,,,,,,,
Up to 1 month,,,,,,,,,,,,,,,,,,,,,,,,,,,,,,,,,,,,,,,,,,,,,,,,,,,,,,,,,,,,,,,,,,,,,,,,,,,,,,,,,,,,,,,,,,,,,,,,,,,,,,,,,,,
More than 1 and up to 3 months,,,,,,,,,,,,,,,,,,,,,,,,,,,,,,,,,,,,,,,,,,,,,,,,,,,,,,,,,,,,,,,,,,,,,,,,,,,,,,,,,,,,,,,,,,,,,,,,,,,,,,,,,,,
More than 3 months and up to 1 year,,,,,,,,,,,,,,,,,,,,,,,,,,,,,,,,,,,,,,,,,,,,,,,,,,,,,,,,,,,,,,,,,,,,,,,,,,,,,,,,,,,,,,,,,,,,,,,,,,,,,,,,,,,
(i) Bought puts,,,,,,,,,,,,,,,,,,,,,,,,,,,,,,,,,,,,,,,,,,,,,,,,,,,,,,,,,,,,,,,,,,,,,,,,,,,,,,,,,,,,,,,,,,,,,,,,,,,,,,,,,,,
Total,,,,,,,,,,,,,,,,,,,,,,,,,,,,,,,,,,,,,,,,,,,,,,,,,,,,,,,,,,,,,,,,,,,,,,,,,,,,,,,,,,,,,,,,,,,,,,,,,,,,,,,,,,,
Up to 1 month,,,,,,,,,,,,,,,,,,,,,,,,,,,,,,,,,,,,,,,,,,,,,,,,,,,,,,,,,,,,,,,,,,,,,,,,,,,,,,,,,,,,,,,,,,,,,,,,,,,,,,,,,,,
More than 1 and up to 3 months,,,,,,,,,,,,,,,,,,,,,,,,,,,,,,,,,,,,,,,,,,,,,,,,,,,,,,,,,,,,,,,,,,,,,,,,,,,,,,,,,,,,,,,,,,,,,,,,,,,,,,,,,,,
More than 3 months and up to 1 year,,,,,,,,,,,,,,,,,,,,,,,,,,,,,,,,,,,,,,,,,,,,,,,,,,,,,,,,,,,,,,,,,,,,,,,,,,,,,,,,,,,,,,,,,,,,,,,,,,,,,,,,,,,
(ii) Written calls,,,,,,,,,,,,,,,,,,,,,,,,,,,,,,,,,,,,,,,,,,,,,,,,,,,,,,,,,,,,,,,,,,,,,,,,,,,,,,,,,,,,,,,,,,,,,,,,,,,,,,,,,,,
Total,,,,,,,,,,,,,,,,,,,,,,,,,,,,,,,,,,,,,,,,,,,,,,,,,,,,,,,,,,,,,,,,,,,,,,,,,,,,,,,,,,,,,,,,,,,,,,,,,,,,,,,,,,,
Up to 1 month,,,,,,,,,,,,,,,,,,,,,,,,,,,,,,,,,,,,,,,,,,,,,,,,,,,,,,,,,,,,,,,,,,,,,,,,,,,,,,,,,,,,,,,,,,,,,,,,,,,,,,,,,,,
More than 1 and up to 3 months,,,,,,,,,,,,,,,,,,,,,,,,,,,,,,,,,,,,,,,,,,,,,,,,,,,,,,,,,,,,,,,,,,,,,,,,,,,,,,,,,,,,,,,,,,,,,,,,,,,,,,,,,,,
More than 3 months and up to 1 year,,,,,,,,,,,,,,,,,,,,,,,,,,,,,,,,,,,,,,,,,,,,,,,,,,,,,,,,,,,,,,,,,,,,,,,,,,,,,,,,,,,,,,,,,,,,,,,,,,,,,,,,,,,
(b) Long positions,,,,,,,,,,,,,,,,,,,,,,,,,,,,,,,,,,,,,,,,,,,,,,,,,,,,,,,,,,,,,,,,,,,,,,,,,,,,,,,,,,,,,,,,,,,,,,,,,,,,,,,,,,,
Total,,,,,,,,,,,,,,,,,,,,,,,,,,,,,,,,,,,,,,,,,,,,,,,,,,,,,,,,,,,,,,,,,,,,,,,,,,,,,,,,,,,,,,,,,,,,,,,,,,,,,,,,,,,
Up to 1 month,,,,,,,,,,,,,,,,,,,,,,,,,,,,,,,,,,,,,,,,,,,,,,,,,,,,,,,,,,,,,,,,,,,,,,,,,,,,,,,,,,,,,,,,,,,,,,,,,,,,,,,,,,,
More than 1 and up to 3 months,,,,,,,,,,,,,,,,,,,,,,,,,,,,,,,,,,,,,,,,,,,,,,,,,,,,,,,,,,,,,,,,,,,,,,,,,,,,,,,,,,,,,,,,,,,,,,,,,,,,,,,,,,,
More than 3 months and up to 1 year,,,,,,,,,,,,,,,,,,,,,,,,,,,,,,,,,,,,,,,,,,,,,,,,,,,,,,,,,,,,,,,,,,,,,,,,,,,,,,,,,,,,,,,,,,,,,,,,,,,,,,,,,,,
(i) Bought calls,,,,,,,,,,,,,,,,,,,,,,,,,,,,,,,,,,,,,,,,,,,,,,,,,,,,,,,,,,,,,,,,,,,,,,,,,,,,,,,,,,,,,,,,,,,,,,,,,,,,,,,,,,,
Total,,,,,,,,,,,,,,,,,,,,,,,,,,,,,,,,,,,,,,,,,,,,,,,,,,,,,,,,,,,,,,,,,,,,,,,,,,,,,,,,,,,,,,,,,,,,,,,,,,,,,,,,,,,
Up to 1 month,,,,,,,,,,,,,,,,,,,,,,,,,,,,,,,,,,,,,,,,,,,,,,,,,,,,,,,,,,,,,,,,,,,,,,,,,,,,,,,,,,,,,,,,,,,,,,,,,,,,,,,,,,,
More than 1 and up to 3 months,,,,,,,,,,,,,,,,,,,,,,,,,,,,,,,,,,,,,,,,,,,,,,,,,,,,,,,,,,,,,,,,,,,,,,,,,,,,,,,,,,,,,,,,,,,,,,,,,,,,,,,,,,,
More than 3 months and up to 1 year,,,,,,,,,,,,,,,,,,,,,,,,,,,,,,,,,,,,,,,,,,,,,,,,,,,,,,,,,,,,,,,,,,,,,,,,,,,,,,,,,,,,,,,,,,,,,,,,,,,,,,,,,,,
(ii) Written puts,,,,,,,,,,,,,,,,,,,,,,,,,,,,,,,,,,,,,,,,,,,,,,,,,,,,,,,,,,,,,,,,,,,,,,,,,,,,,,,,,,,,,,,,,,,,,,,,,,,,,,,,,,,
Total,,,,,,,,,,,,,,,,,,,,,,,,,,,,,,,,,,,,,,,,,,,,,,,,,,,,,,,,,,,,,,,,,,,,,,,,,,,,,,,,,,,,,,,,,,,,,,,,,,,,,,,,,,,
Up to 1 month,,,,,,,,,,,,,,,,,,,,,,,,,,,,,,,,,,,,,,,,,,,,,,,,,,,,,,,,,,,,,,,,,,,,,,,,,,,,,,,,,,,,,,,,,,,,,,,,,,,,,,,,,,,
More than 1 and up to 3 months,,,,,,,,,,,,,,,,,,,,,,,,,,,,,,,,,,,,,,,,,,,,,,,,,,,,,,,,,,,,,,,,,,,,,,,,,,,,,,,,,,,,,,,,,,,,,,,,,,,,,,,,,,,
More than 3 months and up to 1 year,,,,,,,,,,,,,,,,,,,,,,,,,,,,,,,,,,,,,,,,,,,,,,,,,,,,,,,,,,,,,,,,,,,,,,,,,,,,,,,,,,,,,,,,,,,,,,,,,,,,,,,,,,,
PRO MEMORIA: In-the-money options,,,,,,,,,,,,,,,,,,,,,,,,,,,,,,,,,,,,,,,,,,,,,,,,,,,,,,,,,,,,,,,,,,,,,,,,,,,,,,,,,,,,,,,,,,,,,,,,,,,,,,,,,,,
(1) At current exchange rate,,,,,,,,,,,,,,,,,,,,,,,,,,,,,,,,,,,,,,,,,,,,,,,,,,,,,,,,,,,,,,,,,,,,,,,,,,,,,,,,,,,,,,,,,,,,,,,,,,,,,,,,,,,
(a) Short position,,,,,,,,,,,,,,,,,,,,,,,,,,,,,,,,,,,,,,,,,,,,,,,,,,,,,,,,,,,,,,,,,,,,,,,,,,,,,,,,,,,,,,,,,,,,,,,,,,,,,,,,,,,
Total,,,,,,,,,,,,,,,,,,,,,,,,,,,,,,,,,,,,,,,,,,,,,,,,,,,,,,,,,,,,,,,,,,,,,,,,,,,,,,,,,,,,,,,,,,,,,,,,,,,,,,,,,,,
Up to 1 month,,,,,,,,,,,,,,,,,,,,,,,,,,,,,,,,,,,,,,,,,,,,,,,,,,,,,,,,,,,,,,,,,,,,,,,,,,,,,,,,,,,,,,,,,,,,,,,,,,,,,,,,,,,
More than 1 and up to 3 months,,,,,,,,,,,,,,,,,,,,,,,,,,,,,,,,,,,,,,,,,,,,,,,,,,,,,,,,,,,,,,,,,,,,,,,,,,,,,,,,,,,,,,,,,,,,,,,,,,,,,,,,,,,
More than 3 months and up to 1 year,,,,,,,,,,,,,,,,,,,,,,,,,,,,,,,,,,,,,,,,,,,,,,,,,,,,,,,,,,,,,,,,,,,,,,,,,,,,,,,,,,,,,,,,,,,,,,,,,,,,,,,,,,,
(b) Long position,,,,,,,,,,,,,,,,,,,,,,,,,,,,,,,,,,,,,,,,,,,,,,,,,,,,,,,,,,,,,,,,,,,,,,,,,,,,,,,,,,,,,,,,,,,,,,,,,,,,,,,,,,,
Total,,,,,,,,,,,,,,,,,,,,,,,,,,,,,,,,,,,,,,,,,,,,,,,,,,,,,,,,,,,,,,,,,,,,,,,,,,,,,,,,,,,,,,,,,,,,,,,,,,,,,,,,,,,
Up to 1 month,,,,,,,,,,,,,,,,,,,,,,,,,,,,,,,,,,,,,,,,,,,,,,,,,,,,,,,,,,,,,,,,,,,,,,,,,,,,,,,,,,,,,,,,,,,,,,,,,,,,,,,,,,,
More than 1 and up to 3 months,,,,,,,,,,,,,,,,,,,,,,,,,,,,,,,,,,,,,,,,,,,,,,,,,,,,,,,,,,,,,,,,,,,,,,,,,,,,,,,,,,,,,,,,,,,,,,,,,,,,,,,,,,,
More than 3 months and up to 1 year,,,,,,,,,,,,,,,,,,,,,,,,,,,,,,,,,,,,,,,,,,,,,,,,,,,,,,,,,,,,,,,,,,,,,,,,,,,,,,,,,,,,,,,,,,,,,,,,,,,,,,,,,,,
(2) + 5 % (depreciation of 5%),,,,,,,,,,,,,,,,,,,,,,,,,,,,,,,,,,,,,,,,,,,,,,,,,,,,,,,,,,,,,,,,,,,,,,,,,,,,,,,,,,,,,,,,,,,,,,,,,,,,,,,,,,,
(a) Short position,,,,,,,,,,,,,,,,,,,,,,,,,,,,,,,,,,,,,,,,,,,,,,,,,,,,,,,,,,,,,,,,,,,,,,,,,,,,,,,,,,,,,,,,,,,,,,,,,,,,,,,,,,,
Total,,,,,,,,,,,,,,,,,,,,,,,,,,,,,,,,,,,,,,,,,,,,,,,,,,,,,,,,,,,,,,,,,,,,,,,,,,,,,,,,,,,,,,,,,,,,,,,,,,,,,,,,,,,
Up to 1 month,,,,,,,,,,,,,,,,,,,,,,,,,,,,,,,,,,,,,,,,,,,,,,,,,,,,,,,,,,,,,,,,,,,,,,,,,,,,,,,,,,,,,,,,,,,,,,,,,,,,,,,,,,,
More than 1 and up to 3 months,,,,,,,,,,,,,,,,,,,,,,,,,,,,,,,,,,,,,,,,,,,,,,,,,,,,,,,,,,,,,,,,,,,,,,,,,,,,,,,,,,,,,,,,,,,,,,,,,,,,,,,,,,,
More than 3 months and up to 1 year,,,,,,,,,,,,,,,,,,,,,,,,,,,,,,,,,,,,,,,,,,,,,,,,,,,,,,,,,,,,,,,,,,,,,,,,,,,,,,,,,,,,,,,,,,,,,,,,,,,,,,,,,,,
(b) Long position,,,,,,,,,,,,,,,,,,,,,,,,,,,,,,,,,,,,,,,,,,,,,,,,,,,,,,,,,,,,,,,,,,,,,,,,,,,,,,,,,,,,,,,,,,,,,,,,,,,,,,,,,,,
Total,,,,,,,,,,,,,,,,,,,,,,,,,,,,,,,,,,,,,,,,,,,,,,,,,,,,,,,,,,,,,,,,,,,,,,,,,,,,,,,,,,,,,,,,,,,,,,,,,,,,,,,,,,,
Up to 1 month,,,,,,,,,,,,,,,,,,,,,,,,,,,,,,,,,,,,,,,,,,,,,,,,,,,,,,,,,,,,,,,,,,,,,,,,,,,,,,,,,,,,,,,,,,,,,,,,,,,,,,,,,,,
More than 1 and up to 3 months,,,,,,,,,,,,,,,,,,,,,,,,,,,,,,,,,,,,,,,,,,,,,,,,,,,,,,,,,,,,,,,,,,,,,,,,,,,,,,,,,,,,,,,,,,,,,,,,,,,,,,,,,,,
More than 3 months and up to 1 year,,,,,,,,,,,,,,,,,,,,,,,,,,,,,,,,,,,,,,,,,,,,,,,,,,,,,,,,,,,,,,,,,,,,,,,,,,,,,,,,,,,,,,,,,,,,,,,,,,,,,,,,,,,
(3) - 5 % (appreciation of 5%),,,,,,,,,,,,,,,,,,,,,,,,,,,,,,,,,,,,,,,,,,,,,,,,,,,,,,,,,,,,,,,,,,,,,,,,,,,,,,,,,,,,,,,,,,,,,,,,,,,,,,,,,,,
(a) Short position,,,,,,,,,,,,,,,,,,,,,,,,,,,,,,,,,,,,,,,,,,,,,,,,,,,,,,,,,,,,,,,,,,,,,,,,,,,,,,,,,,,,,,,,,,,,,,,,,,,,,,,,,,,
Total,,,,,,,,,,,,,,,,,,,,,,,,,,,,,,,,,,,,,,,,,,,,,,,,,,,,,,,,,,,,,,,,,,,,,,,,,,,,,,,,,,,,,,,,,,,,,,,,,,,,,,,,,,,
Up to 1 month,,,,,,,,,,,,,,,,,,,,,,,,,,,,,,,,,,,,,,,,,,,,,,,,,,,,,,,,,,,,,,,,,,,,,,,,,,,,,,,,,,,,,,,,,,,,,,,,,,,,,,,,,,,
More than 1 and up to 3 months,,,,,,,,,,,,,,,,,,,,,,,,,,,,,,,,,,,,,,,,,,,,,,,,,,,,,,,,,,,,,,,,,,,,,,,,,,,,,,,,,,,,,,,,,,,,,,,,,,,,,,,,,,,
More than 3 months and up to 1 year,,,,,,,,,,,,,,,,,,,,,,,,,,,,,,,,,,,,,,,,,,,,,,,,,,,,,,,,,,,,,,,,,,,,,,,,,,,,,,,,,,,,,,,,,,,,,,,,,,,,,,,,,,,
(b) Long position,,,,,,,,,,,,,,,,,,,,,,,,,,,,,,,,,,,,,,,,,,,,,,,,,,,,,,,,,,,,,,,,,,,,,,,,,,,,,,,,,,,,,,,,,,,,,,,,,,,,,,,,,,,
Total,,,,,,,,,,,,,,,,,,,,,,,,,,,,,,,,,,,,,,,,,,,,,,,,,,,,,,,,,,,,,,,,,,,,,,,,,,,,,,,,,,,,,,,,,,,,,,,,,,,,,,,,,,,
Up to 1 month,,,,,,,,,,,,,,,,,,,,,,,,,,,,,,,,,,,,,,,,,,,,,,,,,,,,,,,,,,,,,,,,,,,,,,,,,,,,,,,,,,,,,,,,,,,,,,,,,,,,,,,,,,,
More than 1 and up to 3 months,,,,,,,,,,,,,,,,,,,,,,,,,,,,,,,,,,,,,,,,,,,,,,,,,,,,,,,,,,,,,,,,,,,,,,,,,,,,,,,,,,,,,,,,,,,,,,,,,,,,,,,,,,,
More than 3 months and up to 1 year,,,,,,,,,,,,,,,,,,,,,,,,,,,,,,,,,,,,,,,,,,,,,,,,,,,,,,,,,,,,,,,,,,,,,,,,,,,,,,,,,,,,,,,,,,,,,,,,,,,,,,,,,,,
(4) +10 % (depreciation of 10%),,,,,,,,,,,,,,,,,,,,,,,,,,,,,,,,,,,,,,,,,,,,,,,,,,,,,,,,,,,,,,,,,,,,,,,,,,,,,,,,,,,,,,,,,,,,,,,,,,,,,,,,,,,
(a) Short position,,,,,,,,,,,,,,,,,,,,,,,,,,,,,,,,,,,,,,,,,,,,,,,,,,,,,,,,,,,,,,,,,,,,,,,,,,,,,,,,,,,,,,,,,,,,,,,,,,,,,,,,,,,
Total,,,,,,,,,,,,,,,,,,,,,,,,,,,,,,,,,,,,,,,,,,,,,,,,,,,,,,,,,,,,,,,,,,,,,,,,,,,,,,,,,,,,,,,,,,,,,,,,,,,,,,,,,,,
Up to 1 month,,,,,,,,,,,,,,,,,,,,,,,,,,,,,,,,,,,,,,,,,,,,,,,,,,,,,,,,,,,,,,,,,,,,,,,,,,,,,,,,,,,,,,,,,,,,,,,,,,,,,,,,,,,
More than 1 and up to 3 months,,,,,,,,,,,,,,,,,,,,,,,,,,,,,,,,,,,,,,,,,,,,,,,,,,,,,,,,,,,,,,,,,,,,,,,,,,,,,,,,,,,,,,,,,,,,,,,,,,,,,,,,,,,
More than 3 months and up to 1 year,,,,,,,,,,,,,,,,,,,,,,,,,,,,,,,,,,,,,,,,,,,,,,,,,,,,,,,,,,,,,,,,,,,,,,,,,,,,,,,,,,,,,,,,,,,,,,,,,,,,,,,,,,,
(b) Long position,,,,,,,,,,,,,,,,,,,,,,,,,,,,,,,,,,,,,,,,,,,,,,,,,,,,,,,,,,,,,,,,,,,,,,,,,,,,,,,,,,,,,,,,,,,,,,,,,,,,,,,,,,,
Total,,,,,,,,,,,,,,,,,,,,,,,,,,,,,,,,,,,,,,,,,,,,,,,,,,,,,,,,,,,,,,,,,,,,,,,,,,,,,,,,,,,,,,,,,,,,,,,,,,,,,,,,,,,
Up to 1 month,,,,,,,,,,,,,,,,,,,,,,,,,,,,,,,,,,,,,,,,,,,,,,,,,,,,,,,,,,,,,,,,,,,,,,,,,,,,,,,,,,,,,,,,,,,,,,,,,,,,,,,,,,,
More than 1 and up to 3 months,,,,,,,,,,,,,,,,,,,,,,,,,,,,,,,,,,,,,,,,,,,,,,,,,,,,,,,,,,,,,,,,,,,,,,,,,,,,,,,,,,,,,,,,,,,,,,,,,,,,,,,,,,,
More than 3 months and up to 1 year,,,,,,,,,,,,,,,,,,,,,,,,,,,,,,,,,,,,,,,,,,,,,,,,,,,,,,,,,,,,,,,,,,,,,,,,,,,,,,,,,,,,,,,,,,,,,,,,,,,,,,,,,,,
(5) - 10 % (appreciation of 10%),,,,,,,,,,,,,,,,,,,,,,,,,,,,,,,,,,,,,,,,,,,,,,,,,,,,,,,,,,,,,,,,,,,,,,,,,,,,,,,,,,,,,,,,,,,,,,,,,,,,,,,,,,,
(a) Short position,,,,,,,,,,,,,,,,,,,,,,,,,,,,,,,,,,,,,,,,,,,,,,,,,,,,,,,,,,,,,,,,,,,,,,,,,,,,,,,,,,,,,,,,,,,,,,,,,,,,,,,,,,,
Total,,,,,,,,,,,,,,,,,,,,,,,,,,,,,,,,,,,,,,,,,,,,,,,,,,,,,,,,,,,,,,,,,,,,,,,,,,,,,,,,,,,,,,,,,,,,,,,,,,,,,,,,,,,
Up to 1 month,,,,,,,,,,,,,,,,,,,,,,,,,,,,,,,,,,,,,,,,,,,,,,,,,,,,,,,,,,,,,,,,,,,,,,,,,,,,,,,,,,,,,,,,,,,,,,,,,,,,,,,,,,,
More than 1 and up to 3 months,,,,,,,,,,,,,,,,,,,,,,,,,,,,,,,,,,,,,,,,,,,,,,,,,,,,,,,,,,,,,,,,,,,,,,,,,,,,,,,,,,,,,,,,,,,,,,,,,,,,,,,,,,,
More than 3 months and up to 1 year,,,,,,,,,,,,,,,,,,,,,,,,,,,,,,,,,,,,,,,,,,,,,,,,,,,,,,,,,,,,,,,,,,,,,,,,,,,,,,,,,,,,,,,,,,,,,,,,,,,,,,,,,,,
(b) Long position,,,,,,,,,,,,,,,,,,,,,,,,,,,,,,,,,,,,,,,,,,,,,,,,,,,,,,,,,,,,,,,,,,,,,,,,,,,,,,,,,,,,,,,,,,,,,,,,,,,,,,,,,,,
Total,,,,,,,,,,,,,,,,,,,,,,,,,,,,,,,,,,,,,,,,,,,,,,,,,,,,,,,,,,,,,,,,,,,,,,,,,,,,,,,,,,,,,,,,,,,,,,,,,,,,,,,,,,,
Up to 1 month,,,,,,,,,,,,,,,,,,,,,,,,,,,,,,,,,,,,,,,,,,,,,,,,,,,,,,,,,,,,,,,,,,,,,,,,,,,,,,,,,,,,,,,,,,,,,,,,,,,,,,,,,,,
More than 1 and up to 3 months,,,,,,,,,,,,,,,,,,,,,,,,,,,,,,,,,,,,,,,,,,,,,,,,,,,,,,,,,,,,,,,,,,,,,,,,,,,,,,,,,,,,,,,,,,,,,,,,,,,,,,,,,,,
More than 3 months and up to 1 year,,,,,,,,,,,,,,,,,,,,,,,,,,,,,,,,,,,,,,,,,,,,,,,,,,,,,,,,,,,,,,,,,,,,,,,,,,,,,,,,,,,,,,,,,,,,,,,,,,,,,,,,,,,
(6) Other (specify),,,,,,,,,,,,,,,,,,,,,,,,,,,,,,,,,,,,,,,,,,,,,,,,,,,,,,,,,,,,,,,,,,,,,,,,,,,,,,,,,,,,,,,,,,,,,,,,,,,,,,,,,,,
(a) Short position,,,,,,,,,,,,,,,,,,,,,,,,,,,,,,,,,,,,,,,,,,,,,,,,,,,,,,,,,,,,,,,,,,,,,,,,,,,,,,,,,,,,,,,,,,,,,,,,,,,,,,,,,,,
Total,,,,,,,,,,,,,,,,,,,,,,,,,,,,,,,,,,,,,,,,,,,,,,,,,,,,,,,,,,,,,,,,,,,,,,,,,,,,,,,,,,,,,,,,,,,,,,,,,,,,,,,,,,,
Up to 1 month,,,,,,,,,,,,,,,,,,,,,,,,,,,,,,,,,,,,,,,,,,,,,,,,,,,,,,,,,,,,,,,,,,,,,,,,,,,,,,,,,,,,,,,,,,,,,,,,,,,,,,,,,,,
More than 1 and up to 3 months,,,,,,,,,,,,,,,,,,,,,,,,,,,,,,,,,,,,,,,,,,,,,,,,,,,,,,,,,,,,,,,,,,,,,,,,,,,,,,,,,,,,,,,,,,,,,,,,,,,,,,,,,,,
More than 3 months and up to 1 year,,,,,,,,,,,,,,,,,,,,,,,,,,,,,,,,,,,,,,,,,,,,,,,,,,,,,,,,,,,,,,,,,,,,,,,,,,,,,,,,,,,,,,,,,,,,,,,,,,,,,,,,,,,
(b) Long position,,,,,,,,,,,,,,,,,,,,,,,,,,,,,,,,,,,,,,,,,,,,,,,,,,,,,,,,,,,,,,,,,,,,,,,,,,,,,,,,,,,,,,,,,,,,,,,,,,,,,,,,,,,
Total,,,,,,,,,,,,,,,,,,,,,,,,,,,,,,,,,,,,,,,,,,,,,,,,,,,,,,,,,,,,,,,,,,,,,,,,,,,,,,,,,,,,,,,,,,,,,,,,,,,,,,,,,,,
Up to 1 month,,,,,,,,,,,,,,,,,,,,,,,,,,,,,,,,,,,,,,,,,,,,,,,,,,,,,,,,,,,,,,,,,,,,,,,,,,,,,,,,,,,,,,,,,,,,,,,,,,,,,,,,,,,
More than 1 and up to 3 months,,,,,,,,,,,,,,,,,,,,,,,,,,,,,,,,,,,,,,,,,,,,,,,,,,,,,,,,,,,,,,,,,,,,,,,,,,,,,,,,,,,,,,,,,,,,,,,,,,,,,,,,,,,
More than 3 months and up to 1 year,,,,,,,,,,,,,,,,,,,,,,,,,,,,,,,,,,,,,,,,,,,,,,,,,,,,,,,,,,,,,,,,,,,,,,,,,,,,,,,,,,,,,,,,,,,,,,,,,,,,,,,,,,,
,,,,,,,,,,,,,,,,,,,,,,,,,,,,,,,,,,,,,,,,,,,,,,,,,,,,,,,,,,,,,,,,,,,,,,,,,,,,,,,,,,,,,,,,,,,,,,,,,,,,,,,,,,,
IV. Memo items,,,,,,,,,,,,,,,,,,,,,,,,,,,,,,,,,,,,,,,,,,,,,,,,,,,,,,,,,,,,,,,,,,,,,,,,,,,,,,,,,,,,,,,,,,,,,,,,,,,,,,,,,,,
,,,,,,,,,,,,,,,,,,,,,,,,,,,,,,,,,,,,,,,,,,,,,,,,,,,,,,,,,,,,,,,,,,,,,,,,,,,,,,,,,,,,,,,,,,,,,,,,,,,,,,,,,,,
(1) To be reported with standard periodicity and timeliness:,,,,,,,,,,,,,,,,,,,,,,,,,,,,,,,,,,,,,,,,,,,,,,,,,,,,,,,,,,,,,,,,,,,,,,,,,,,,,,,,,,,,,,,,,,,,,,,,,,,,,,,,,,,
(a) short-term domestic currency debt indexed to the exchange rate,,,,,,,,,,,,,,,,,,,,,,,,,,,,,,,,,,,,,,,,,,,,,,,,,,,,,,,,,,,,,,,,,,,,,,,,,,,,,,,,,,,,,,,,,,,,,,,,,,,,,,,,,,,
"(b) financial instruments denominated in foreign currency and settled by other means (e.g., in domestic currency)",,,,,,,,,,,,,,,,,,,,,,,,,,,,,,,,,,,,,,,,,,,,,,,,,,,,,,,,,,,,,,,,,,,,,,,,,,,,,,,,,,,,,,,,,,,,,,,,,,,,,,,,,,,
nondeliverable forwards,,,,,,,,,,,,,,,,,,,,,,,,,,,,,,,,,,,,,,,,,,,,,,,,,,,,,,,,,,,,,,,,,,,,,,,,,,,,,,,,,,,,,,,,,,,,,,,,,,,,,,,,,,,
   short positions,,,,,,,,,,,,,,,,,,,,,,,,,,,,,,,,,,,,,,,,,,,,,,,,,,,,,,,,,,,,,,,,,,,,,,,,,,,,,,,,,,,,,,,,,,,,,,,,,,,,,,,,,,,
   long positions,,,,,,,,,,,,,,,,,,,,,,,,,,,,,,,,,,,,,,,,,,,,,,,,,,,,,,,,,,,,,,,,,,,,,,,,,,,,,,,,,,,,,,,,,,,,,,,,,,,,,,,,,,,
other instruments,,,,,,,,,,,,,,,,,,,,,,,,,,,,,,,,,,,,,,,,,,,,,,,,,,,,,,,,,,,,,,,,,,,,,,,,,,,,,,,,,,,,,,,,,,,,,,,,,,,,,,,,,,,
(c) pledged assets,,,,,,,,,,,,,,,,,,,,,,,,,,,,,,,,,,,,,,,,,,,,,,,,,,,,,,,,,,,,,,,,,,,,,,,,,,,,,,,,,,,,,,,,,,,,,,,,,,,,,,,,,,,
included in reserve assets,,,,,,,,,,,,,,,,,,,,,,,,,,,,,,,,,,,,,,,,,,,,,,,,,,,,,,,,,,,,,,,,,,,,,,,,,,,,,,,,,,,,,,,,,,,,,,,,,,,,,,,,,,,
included in other foreign currency assets,,,,,,,,,,,,,,,,,,,,,,,,,,,,,,,,,,,,,,,,,,,,,,,,,,,,,,,,,,,,,,,,,,,,,,,,,,,,,,,,,,,,,,,,,,,,,,,,,,,,,,,,,,,
(d) securities lent and on repo,3861,2817,580,3010,3913,2392,3395,4720,1291,6079,5902,1368,4408,4899,1501,3668,6011,1505,4423,4716,1931,6537,8215,1069,6898,5582,1215,2210,6234,2634,5143,1573,1569,2936,4360,1209,3991,3452,-1074,6136,6401,1894,2518,4772,2293,7640,4312,1853,6924,4990,1469,5499,5177,1805,5241.575902,5833,4367.019909,4584,3707,-552,5272,5674,1532,3391,4176,1898,1695,1057,1881,1661,1408,-1290,3237,3255,-422,1724,2331,286,2325,2007,291,2018,1943,-121,1296,1497,-475,531,1428,231,281,315,102,-354,-1117,-994,-281,742,1424,471,3781,2462,2324,2640,5280,5426,5169
lent or repoed and included in Section I,0,0,0,0,0,0,0,0,0,0,0,0,0,0,0,0,0,0,0,0,0,0,0,0,0,0,0,0,0,0,0,0,0,0,0,0,0,0,0,0,0,0,0,0,0,0,0,0,0,0,0,0,0,0,0,0,0,0,0,0,0,0,0,0,0,0,0,0,0,0,0,0,0,0,0,0,0,0,0,0,0,0,0,0,0,0,0,0,0,0,0,0,0,0,0,0,0,0,0,0,0,0,0,0,0,0,0
lent or repoed but not included in Section I,-1772,-1382,-2208,-2422,-1739,-1781,-2419,-3482,-3978,-3290,-2105,-3306,-1844,-2050,-3136,-2696,-2783,-4491,-3043,-2160,-1767,-1993,-1435,-1555,-2545,-1160,-2041,-1868,-1956,-1580,-2656,-2318,-1393,-908,-207,-969,-902,-1776,-2572,-2271,-1350,-997,-253,-854,-1700,-350,-118,-983,-1712,-1143,-1512,-2301,-865,-339,-1431.18961,-386,-2565.18142,-143,-816,-1693,-1564,-1214,-1599,-2692,-899,-908,-1154,-1323,-324,-1380,-1708,-2990,-2225,-1222,-874,-293,-271,0,-426,-1271,-1199,-2308,-1263,-2589,-3184,-3144,-3610,-3465,-3026,-3654,-3143,-3489,-4035,-4052,-4281,-6057,-4277,-5891,-5721,-4062,-4988,-4666,-3412,-2405,-2956,-2947,-1822
borrowed or acquired and included in Section I,0,0,0,0,0,0,0,0,0,0,0,0,0,0,0,0,0,0,0,0,0,0,0,0,0,0,0,0,0,0,0,0,0,0,0,0,0,0,0,0,0,0,0,0,0,0,0,0,0,0,0,0,0,0,0,0,0,0,0,0,0,0,0,0,0,0,0,0,0,0,0,0,0,0,0,0,0,0,0,0,0,0,0,0,0,0,0,0,0,0,0,0,0,0,0,0,0,0,0,0,0,0,0,0,0,0,0
borrowed or acquired but not included in Section I,5633,4200,2788,5431,5653,4173,5814,8202,5269,9369,8007,4674,6251,6949,4638,6364,8794,5997,7466,6876,3698,8529,9649,2625,9443,6742,3256,4077,8190,4213,7799,3891,2962,3844,4567,2178,4893,5228,1498,8407,7751,2890,2771,5626,3993,7991,4430,2836,8635,6133,2980,7800,6042,2144,6672.765511,6219,6932.201329,4728,4523,1141,6836,6888,3131,6083,5075,2806,2848,2380,2205,3041,3116,1700,5462,4477,452,2018,2602,286,2751,3278,1490,4326,3206,2468,4480,4641,3135,3996,4454,3885,3424,3804,4137,3698,3164,5063,3996,6633,7145,4533,8769,7128,5736,5045,8236,8373,6991
"(e) financial derivative assets (net, marked to market)",-588,-427,-650,239,765,219,-155,-1078,-1370,-249,-65,-264,-147,-873,9,-842,-5,-1852,-949,-125,-137,417,1772,1796,377,-367,-536,-590,-580,1463,628,128,411,-158,-609,839,-287,-1157,-943,89,20,106,234,-111,594,172,398,-1192,-302,204,44,-61,-1296,-481,-90.80258829,-553,226.9640805,618,381,792,-337,-1062,-2252,-403,-2,53,-305,-76,-171,-324,-228,-164,154,406,734,284,256,-36,-346,-352,-117,420,-489,-97,-505,-342,1085,1297,284,455,-626,-309,-410,-141,-1605,-2252,-1141,-317,-536,-412,-288,815,412,539,865,592,827
forwards,1,1,-49,-11,1,1,0,1,0,1,1,0,0,0,0,1,0,0,0,0,0,0,0,0,0,0,0,0,0,-1,0,0,0,0,0,0,0,0,0,1,2,1,1,1,1,1,2,1,1,1,1,1,1,1,0.834607075,0,0.787488908,0,0,0,0,0,3,0,0,1,1,1,1,0,0,0,0,0,0,0,0,-1,-1,-1,0,0,0,0,0,1,2,2,2,3,5,7,7,6,6,6,6,6,6,5,5,5,5,4,6,3,3
futures,0,0,0,0,0,0,0,0,0,0,0,0,0,0,0,0,0,0,0,0,0,0,0,0,0,0,0,0,0,0,0,0,0,0,0,0,0,0,0,0,0,0,0,0,0,0,0,0,0,0,0,0,0,0,0.280395272,1,0.3370608,1,0,-1,1,2,0,1,0,0,0,0,0,0,0,0,0,0,0,0,0,0,0,0,0,-1,0,0,-1,2,1,-1,0,0,0,0,0,0,0,0,0,0,0,1,1,0,0,1,1,0,0
swaps,-589,-428,-600,250,764,217,-155,-1078,-1370,-249,-66,-264,-147,-873,9,-843,-6,-1852,-949,-125,-136,417,1772,1796,378,-367,-536,-590,-580,1464,628,128,411,-158,-609,839,-287,-1157,-944,88,19,105,232,-111,593,171,396,-1192,-304,203,44,-63,-1297,-482,-91.91759064,-554,225.8395308,617,381,792,-339,-1064,-2255,-404,-3,52,-306,-77,-171,-324,-228,-164,154,406,734,284,256,-35,-345,-351,-117,421,-489,-97,-504,-345,1082,1296,282,452,-631,-316,-417,-147,-1611,-2258,-1147,-323,-542,-418,-294,810,407,534,858,589,824
options,,,,,,,,,,,,,,,,,,,,,,,,,,,,,,,,,,,,,,,,,,,,,,,,,,,,,,,,,,,,,,,,,,,,,,,,,,,,,,,,,,,,,,,,,,,,,,,,,,,,,,,,,,,
other,,,,,,,,,,,,,,,,,,,,,,,,,,,,,,,,,,,,,,,,,,,,,,,,,,,,,,,,,,,,,,,,,,,,,,,,,,,,,,,,,,,,,,,,,,,,,,,,,,,,,,,,,,,
"(f) derivatives (forward, futures, or options contracts) that have a residual maturity greater than one year, which are subject to margin calls.",6,6,6,6,6,1,0,0,0,0,0,7,7,7,7,7,7,5,2,0,0,1,0,0,0,0,0,0,0,0,0,0,13,9,9,9,9,10,-3,-4,-4,-5,9,9,9,5,5,5,5,5,5,-5,-5,-7,3.86561904,4,3.86561904,-1,-1,1,1,1,0,-2,0,0,0,0,-1,0,0,0,0,-2669,-4374,-4374,-4374,-4374,-4578,-7307,-8109,-8109,-8111,-8566,-7795,-7030,-6270,-6270,-6270,-6352,-7270,-5784,-5878,-6431,-6999,-7223,-7599,-8897,-9263,-9585,-9585,-10246,-10941,-11475,-11539,-10855,-10234
Aggregate short and long positions in forwards and futures in foreign currencies vis-à-vis the domestic currency (including the forward leg of currency swaps),,,,,,,,,,,,,,,,,,,,,,,,,,,,,,,,,,,,,,,,,,,,,,,,,,,,,,,,,,,,,,,,,,,,,,,,,,,,,,,,,,,,,,,,,,,,,,,,,,,,,,,,,,,
(a) short positions ( – ),0,0,0,0,0,0,0,0,0,0,0,0,0,0,0,0,0,0,0,0,0,0,0,0,0,0,0,0,0,0,0,0,0,0,0,0,0,0,-13,-13,-13,-15,0,0,0,0,0,0,0,0,0,-10,-10,-14,-2.68684504,-3,-2.68684504,-3,-3,-1,-1,-1,0,-2,0,0,0,0,-1,0,0,0,0,-2669,-4374,-4374,-4374,-4374,-4578,-7307,-8119,-8119,-8119,-8574,-7803,-7038,-6278,-6278,-6278,-6360,-7278,-5859,-5953,-6506,-7059,-7283,-7659,-8957,-9323,-9645,-9632,-10293,-10988,-11522,-11586,-10911,-10278
(b) long positions (+),6,6,6,6,6,1,0,0,0,0,0,7,7,7,7,7,7,5,2,0,0,1,0,0,0,0,0,0,0,0,0,0,13,9,9,9,9,10,10,9,9,9,9,9,9,5,5,5,5,5,5,5,5,7,6.55246408,7,6.55246408,2,2,2,2,2,0,0,0,0,0,0,0,0,0,0,0,0,0,0,0,0,0,0,10,10,8,8,8,8,8,8,8,8,8,75,75,75,60,60,60,60,60,60,47,47,47,47,47,56,44
Aggregate short and long positions of options in foreign currencies  vis-à-vis the domestic currency,,,,,,,,,,,,,,,,,,,,,,,,,,,,,,,,,,,,,,,,,,,,,,,,,,,,,,,,,,,,,,,,,,,,,,,,,,,,,,,,,,,,,,,,,,,,,,,,,,,,,,,,,,,
(a) short positions,,,,,,,,,,,,,,,,,,,,,,,,,,,,,,,,,,,,,,,,,,,,,,,,,,,,,,,,,,,,,,,,,,,,,,,,,,,,,,,,,,,,,,,,,,,,,,,,,,,,,,,,,,,
(i) bought puts,,,,,,,,,,,,,,,,,,,,,,,,,,,,,,,,,,,,,,,,,,,,,,,,,,,,,,,,,,,,,,,,,,,,,,,,,,,,,,,,,,,,,,,,,,,,,,,,,,,,,,,,,,,
(ii) written calls,,,,,,,,,,,,,,,,,,,,,,,,,,,,,,,,,,,,,,,,,,,,,,,,,,,,,,,,,,,,,,,,,,,,,,,,,,,,,,,,,,,,,,,,,,,,,,,,,,,,,,,,,,,
(b) long positions,,,,,,,,,,,,,,,,,,,,,,,,,,,,,,,,,,,,,,,,,,,,,,,,,,,,,,,,,,,,,,,,,,,,,,,,,,,,,,,,,,,,,,,,,,,,,,,,,,,,,,,,,,,
(i) bought calls,,,,,,,,,,,,,,,,,,,,,,,,,,,,,,,,,,,,,,,,,,,,,,,,,,,,,,,,,,,,,,,,,,,,,,,,,,,,,,,,,,,,,,,,,,,,,,,,,,,,,,,,,,,
(ii) written puts,,,,,,,,,,,,,,,,,,,,,,,,,,,,,,,,,,,,,,,,,,,,,,,,,,,,,,,,,,,,,,,,,,,,,,,,,,,,,,,,,,,,,,,,,,,,,,,,,,,,,,,,,,,
(2) To be disclosed less frequently:,,,,,,,,,,,,,,,,,,,,,,,,,,,,,,,,,,,,,,,,,,,,,,,,,,,,,,,,,,,,,,,,,,,,,,,,,,,,,,,,,,,,,,,,,,,,,,,,,,,,,,,,,,,
(a) currency composition of reserves (by groups of currencies),56618,59931,71285,62484,67901,63157,63100,62396,66596,54922,60178,62582,55154,53400,59424,58655,71050,62422,57885,55775,61639,56396,60965,74036,59181,59572,76124,75329,79964,80036,66685,72189,71920,73953,80697,85350,65342,70780,76550,72752,82465,75790,69102,70975,73681,64038,66029,76331,61319,68492,77092,75668,79098,77470,65279.80421,72210,69038.66167,69415,77516,83844,73303,83597,90562,63226,60813,61508,59952,59671,61558,61581,58730,55839,54829,56364,63224,61535,62126,65134,64408,79066,82142,75966,80839,80816,81106,79456,77014,77499,77339,79942,79088,80573,83575,86291,86777,85445,84478,85011,87543,92400,88871,89415,91030,94876,90414,92146,92171
currencies in SDR basket,51914,55204,66790,58065,63723,59299,59112,58227,62332,50622,55973,58541,51048,47291,52858,50532,62750,55656,51090,48923,54856,51357,56667,69695,54882,55292,71792,70957,75518,75763,62476,67982,67012,69433,76253,81528,61708,67114,72768,68865,78637,72005,65296,67049,69733,60124,62193,72417,57749,64828,73467,72103,75569,73818,61363.68793,68213,64886.26476,65145,73211,79468,68337,78031,84202,56559,53910,54820,53576,53373,55044,55384,53324,51277,49888,50484,57137,55495,56016,58867,58303,74199,76983,71263,76128,76235,76242,74355,71219,71448,71893,74774,74018,75130,78157,80520,80926,79591,78935,79696,81095,85470,81257,82197,83356,86988,82581,84420,84331
"Currency Composition of Reserves, Denominated in US Dollars",,,,,,,,,,,,,,,,,,8323,8790,9963,9951,10345,11445,12589,10036,10682,10490,9770,9930,9710,8077,10347,9395,11778,10979,8724,9071,9136,7511,8974,9669,9869,10556,10274,8559,9525,10300,8536,8384,9284,9279,7795,9418,10206,8714.993457,9105,7594.059096,9991,9745,9590,9704,9319,9786,7538,9021,9643,8784,8614,8777,8036,8104,6518,6810,8457,11568,11053,10980,11326,11153,13194,13679,12187,13704,13359,12460,12725,12959,13388,13168,13949,12814,14014,14360,14578,15625,13910,15122,13613,13616,16491,12476,13894,14594,15829,12017,12651,13509
"Currency Composition of Reserves, Denominated in Euros",,,,,,,,,,,,,,,,,,3753,3586,3666,3747,3528,3064,4741,2793,2623,3235,3500,3606,4060,2982,3802,4024,2764,2929,5042,2491,2423,6409,3007,8345,11796,4415,2592,6339,2278,3136,6514,2834,3462,6269,3064,2998,5917,3048.245401,3334,3458.92551,3960,4204,6546,1979,2865,7534,5581,4947,6552,6131,6417,6273,6184,5200,6839,3874,3854,4034,2377,2659,4063,2206,1857,3510,1724,1606,3121,2252,1750,3280,2478,2046,2989,3170,3578,3978,4365,4016,3532,3776,3786,3760,3905,2402,2961,2789,2706,3119,2793,2916
"Currency Composition of Reserves, Denominated in Chinese Yuan",,,,,,,,,,,,,,,,,,,,,,2221,2215,2263,2185,2159,2163,2211,2236,2310,2246,2327,2324,2394,2436,2406,2269,2359,2418,2450,2365,2352,2300,2354,2351,2379,2325,2443,2411,2461,2473,2480,2473,2458,2505.451398,2486,2488.402314,2457,2522,2471,2596,2663,2700,2608,2525,2433,2348,2346,2445,2423,2346,2235,2279,2227,2268,2257,2314,2350,2406,2424,2471,2390,2542,2510,2616,2575,2183,2222,2203,2321,2274,2266,2350,2330,2288,2280,2199,2242,2280,2304,2294,2206,2338,2370,2377,2427,2384
"Currency Composition of Reserves, Denominated in Japanese Yen",,,,,,,,,,,,,,,,,,33426,28675,25246,31202,25543,29497,39330,29345,29365,45381,44575,48767,48837,38648,40597,39708,39866,47177,52971,35624,40643,45374,43944,47358,36540,35247,38870,39023,32186,33093,40559,29954,35185,41059,44289,46013,40328,31751.77463,37154,35463.28648,32985,40868,46575,38088,46171,46447,23531,20200,19703,20036,19504,19852,21142,21677,19907,21285,20354,23415,23519,22732,23921,24655,26762,26487,25378,27246,26313,27200,27129,24742,25273,26329,26010,27272,26726,27653,29108,29341,29731,26893,27429,27848,28724,30783,30046,30262,30962,30646,31244,30855
"Currency Composition of Reserves, Denominated in UK Pound Sterling",,,,,,,,,,,,,,,,,,218,190,266,281,286,757,882,842,810,828,886,824,866,826,802,1493,2451,2408,2343,2261,2299,590,11,771,796,1824,1848,2339,2317,2258,2326,2339,2412,2392,2385,2368,2348,2294.188784,2361,2372.242072,2431,2483,2449,2549,2587,2867,2585,2522,2436,2412,2406,2396,2434,2395,2260,2292,2276,2307,2289,2346,2358,2418,2408,2388,2339,2388,2382,2187,1482,894,487,448,551,500,477,574,863,688,561,578,663,697,717,651,721,556,731,691,882,911
currencies not in SDR basket,4704,4727,4496,4418,4178,3858,3988,4169,4264,4300,4205,4041,4105,6109,6566,8123,8300,6765,6795,6852,6784,5039,4299,4341,4299,4280,4332,4372,4446,4273,4209,4207,4908,4520,4445,3822,3634,3666,3782,3887,3828,3785,3806,3925,3948,3914,3836,3914,3570,3665,3625,3565,3530,3653,3916.11628,3997,4152.396913,4270,4304,4377,4966,5566,6360,6667,6903,6688,6377,6298,6514,6197,5406,4561,4941,5881,6086,6039,6109,6266,6106,4867,5159,4703,4711,4581,4864,5101,5796,6051,5446,5168,5070,5443,5417,5771,5851,5854,5543,5314,6448,6930,7614,7218,7674,7888,7833,7725,7840
